recorder,humidity,temp,precip.day.of,tmin,precip.day.before,hours.sun,date,lunar.vals,month,day,time.bin.id,rain.bin,call.type,n.calls,log.recorder.offset
S11,96,32.8,25.9,25.4,4.8,7.4,20180301,Full,3,1,afternoon,1,long.argus,1,1.791759469
S11,96,32.8,25.9,25.4,4.8,7.4,20180301,Full,3,1,afternoon,1,short.argus,1,1.791759469
S16,96,32.8,25.9,25.4,4.8,7.4,20180301,Full,3,1,afternoon,1,long.argus,1,1.791759469
S17,96,32.8,25.9,25.4,4.8,7.4,20180301,Full,3,1,afternoon,1,long.argus,2,1.791759469
S17,96,32.8,25.9,25.4,4.8,7.4,20180301,Full,3,1,afternoon,1,short.argus,1,1.791759469
S18,96,32.8,25.9,25.4,4.8,7.4,20180301,Full,3,1,afternoon,1,short.argus,1,1.791759469
S11,96,32.8,25.9,25.4,4.8,7.4,20180301,Full,3,1,morning,1,long.argus,1,1.791759469
S11,96,32.8,25.9,25.4,4.8,7.4,20180301,Full,3,1,morning,1,short.argus,6,1.791759469
S14,96,32.8,25.9,25.4,4.8,7.4,20180301,Full,3,1,morning,1,long.argus,2,1.791759469
S14,96,32.8,25.9,25.4,4.8,7.4,20180301,Full,3,1,morning,1,short.argus,6,1.791759469
S17,96,32.8,25.9,25.4,4.8,7.4,20180301,Full,3,1,morning,1,long.argus,2,1.791759469
S17,96,32.8,25.9,25.4,4.8,7.4,20180301,Full,3,1,morning,1,short.argus,2,1.791759469
S18,96,32.8,25.9,25.4,4.8,7.4,20180301,Full,3,1,morning,1,long.argus,3,1.791759469
S18,96,32.8,25.9,25.4,4.8,7.4,20180301,Full,3,1,morning,1,short.argus,10,1.791759469
S20,96,32.8,25.9,25.4,4.8,7.4,20180301,Full,3,1,morning,1,short.argus,1,1.791759469
S11,95,32.3,9,22.2,0,0,20180401,Full,4,1,afternoon,1,long.argus,1,1.609437912
S11,95,32.3,9,22.2,0,0,20180401,Full,4,1,afternoon,1,short.argus,5,1.609437912
S13,95,32.3,9,22.2,0,0,20180401,Full,4,1,evening,1,long.argus,1,1.609437912
S16,95,32.3,9,22.2,0,0,20180401,Full,4,1,evening,1,long.argus,2,1.609437912
S18,95,32.3,9,22.2,0,0,20180401,Full,4,1,evening,1,long.argus,3,1.609437912
S11,95,32.3,9,22.2,0,0,20180401,Full,4,1,madrugada,0,long.argus,1,1.609437912
S11,95,32.3,9,22.2,0,0,20180401,Full,4,1,madrugada,0,short.argus,1,1.609437912
S18,95,32.3,9,22.2,0,0,20180401,Full,4,1,madrugada,0,long.argus,1,1.609437912
S18,95,32.3,9,22.2,0,0,20180401,Full,4,1,madrugada,0,short.argus,1,1.609437912
S11,95,32.3,9,22.2,0,0,20180401,Full,4,1,morning,1,long.argus,2,1.609437912
S11,95,32.3,9,22.2,0,0,20180401,Full,4,1,morning,1,short.argus,9,1.609437912
S12,95,32.3,9,22.2,0,0,20180401,Full,4,1,morning,1,long.argus,1,1.609437912
S18,95,32.3,9,22.2,0,0,20180401,Full,4,1,morning,1,long.argus,3,1.609437912
S18,95,32.3,9,22.2,0,0,20180401,Full,4,1,morning,1,short.argus,9,1.609437912
S10,97,30.4,5.4,23.8,1.6,3.3,20180701,Full,7,1,afternoon,1,long.argus,1,0
S10,97,30.4,5.4,23.8,1.6,3.3,20180701,Full,7,1,evening,1,long.argus,1,0
S10,97,30.4,5.4,23.8,1.6,3.3,20180701,Full,7,1,madrugada,0,long.argus,2,0
S10,97,30.4,5.4,23.8,1.6,3.3,20180701,Full,7,1,madrugada,0,short.argus,1,0
S10,97,30.4,5.4,23.8,1.6,3.3,20180701,Full,7,1,morning,1,long.argus,1,0
S17,98,31.1,23.5,23.8,25.9,4.4,20180302,Full,3,2,afternoon,1,long.argus,1,1.945910149
S14,98,31.1,23.5,23.8,25.9,4.4,20180302,Full,3,2,afternoon,1,short.argus,1,1.945910149
S18,98,31.1,23.5,23.8,25.9,4.4,20180302,Full,3,2,afternoon,1,short.argus,1,1.945910149
S16,98,31.1,23.5,23.8,25.9,4.4,20180302,Full,3,2,madrugada,1,long.argus,2,1.945910149
S11,98,31.1,23.5,23.8,25.9,4.4,20180302,Full,3,2,morning,0,long.argus,1,1.945910149
S11,98,31.1,23.5,23.8,25.9,4.4,20180302,Full,3,2,morning,0,short.argus,5,1.945910149
S13,98,31.1,23.5,23.8,25.9,4.4,20180302,Full,3,2,morning,0,long.argus,1,1.945910149
S14,98,31.1,23.5,23.8,25.9,4.4,20180302,Full,3,2,morning,0,long.argus,2,1.945910149
S14,98,31.1,23.5,23.8,25.9,4.4,20180302,Full,3,2,morning,0,short.argus,11,1.945910149
S17,98,31.1,23.5,23.8,25.9,4.4,20180302,Full,3,2,morning,0,long.argus,9,1.945910149
S17,98,31.1,23.5,23.8,25.9,4.4,20180302,Full,3,2,morning,0,short.argus,15,1.945910149
S18,98,31.1,23.5,23.8,25.9,4.4,20180302,Full,3,2,morning,0,long.argus,5,1.945910149
S18,98,31.1,23.5,23.8,25.9,4.4,20180302,Full,3,2,morning,0,short.argus,15,1.945910149
S19,98,31.1,23.5,23.8,25.9,4.4,20180302,Full,3,2,morning,0,long.argus,3,1.945910149
S11,95,32.3,7.4,22.5,9,3.1,20180402,Full,4,2,afternoon,0,long.argus,2,1.386294361
S11,95,32.3,7.4,22.5,9,3.1,20180402,Full,4,2,afternoon,0,short.argus,3,1.386294361
S13,95,32.3,7.4,22.5,9,3.1,20180402,Full,4,2,afternoon,0,long.argus,1,1.386294361
S11,95,32.3,7.4,22.5,9,3.1,20180402,Full,4,2,madrugada,0,long.argus,3,1.386294361
S11,95,32.3,7.4,22.5,9,3.1,20180402,Full,4,2,madrugada,0,short.argus,2,1.386294361
S11,95,32.3,7.4,22.5,9,3.1,20180402,Full,4,2,morning,0,long.argus,1,1.386294361
S11,95,32.3,7.4,22.5,9,3.1,20180402,Full,4,2,morning,0,short.argus,4,1.386294361
S12,95,32.3,7.4,22.5,9,3.1,20180402,Full,4,2,morning,0,long.argus,2,1.386294361
S16,95,32.3,7.4,22.5,9,3.1,20180402,Full,4,2,morning,0,short.argus,1,1.386294361
S19,95,31.6,2,23.9,0.7,3.2,20180502,Full,5,2,afternoon,0,long.argus,1,0
S19,95,31.6,2,23.9,0.7,3.2,20180502,Full,5,2,morning,0,long.argus,1,0
S10,96,32.1,2.4,23.1,5.4,5.9,20180702,Waning,7,2,afternoon,0,long.argus,3,0
S17,99,30.2,3.1,22.6,23.5,2.2,20180303,Full,3,3,afternoon,1,long.argus,1,1.791759469
S17,99,30.2,3.1,22.6,23.5,2.2,20180303,Full,3,3,afternoon,1,short.argus,4,1.791759469
S18,99,30.2,3.1,22.6,23.5,2.2,20180303,Full,3,3,evening,1,short.argus,1,1.791759469
S18,99,30.2,3.1,22.6,23.5,2.2,20180303,Full,3,3,madrugada,0,long.argus,2,1.791759469
S11,99,30.2,3.1,22.6,23.5,2.2,20180303,Full,3,3,morning,1,long.argus,3,1.791759469
S11,99,30.2,3.1,22.6,23.5,2.2,20180303,Full,3,3,morning,1,short.argus,2,1.791759469
S14,99,30.2,3.1,22.6,23.5,2.2,20180303,Full,3,3,morning,1,long.argus,1,1.791759469
S14,99,30.2,3.1,22.6,23.5,2.2,20180303,Full,3,3,morning,1,short.argus,3,1.791759469
S17,99,30.2,3.1,22.6,23.5,2.2,20180303,Full,3,3,morning,1,long.argus,1,1.791759469
S17,99,30.2,3.1,22.6,23.5,2.2,20180303,Full,3,3,morning,1,short.argus,4,1.791759469
S19,99,30.2,3.1,22.6,23.5,2.2,20180303,Full,3,3,morning,1,long.argus,2,1.791759469
S18,99,30.2,3.1,22.6,23.5,2.2,20180303,Full,3,3,morning,1,short.argus,8,1.791759469
S20,99,30.2,3.1,22.6,23.5,2.2,20180303,Full,3,3,morning,1,short.argus,7,1.791759469
S11,96,32.3,130,22.2,7.4,4.3,20180403,Full,4,3,afternoon,1,long.argus,2,1.386294361
S11,96,32.3,130,22.2,7.4,4.3,20180403,Full,4,3,afternoon,1,short.argus,4,1.386294361
S16,96,32.3,130,22.2,7.4,4.3,20180403,Full,4,3,afternoon,1,long.argus,1,1.386294361
S17,96,32.3,130,22.2,7.4,4.3,20180403,Full,4,3,afternoon,1,long.argus,1,1.386294361
S17,96,32.3,130,22.2,7.4,4.3,20180403,Full,4,3,evening,1,long.argus,2,1.386294361
S11,96,32.3,130,22.2,7.4,4.3,20180403,Full,4,3,madrugada,0,long.argus,1,1.386294361
S11,96,32.3,130,22.2,7.4,4.3,20180403,Full,4,3,madrugada,0,short.argus,1,1.386294361
S12,96,32.3,130,22.2,7.4,4.3,20180403,Full,4,3,madrugada,0,long.argus,1,1.386294361
S17,96,32.3,130,22.2,7.4,4.3,20180403,Full,4,3,madrugada,0,long.argus,1,1.386294361
S11,96,32.3,130,22.2,7.4,4.3,20180403,Full,4,3,morning,1,long.argus,3,1.386294361
S11,96,32.3,130,22.2,7.4,4.3,20180403,Full,4,3,morning,1,short.argus,3,1.386294361
S12,96,32.3,130,22.2,7.4,4.3,20180403,Full,4,3,morning,1,long.argus,2,1.386294361
S17,96,32.3,130,22.2,7.4,4.3,20180403,Full,4,3,morning,1,long.argus,4,1.386294361
S10,94,31.5,0,22.8,2.4,2.9,20180703,Waning,7,3,afternoon,0,long.argus,1,0
S10,94,31.5,0,22.8,2.4,2.9,20180703,Waning,7,3,madrugada,0,long.argus,2,0
S10,94,31.5,0,22.8,2.4,2.9,20180703,Waning,7,3,morning,0,long.argus,2,0
S13,97,30.8,3.5,23.8,3.1,5.6,20180304,Full,3,4,afternoon,1,long.argus,1,2.197224577
S18,97,30.8,3.5,23.8,3.1,5.6,20180304,Full,3,4,madrugada,0,long.argus,1,2.197224577
S19,97,30.8,3.5,23.8,3.1,5.6,20180304,Full,3,4,madrugada,0,long.argus,1,2.197224577
S11,97,30.8,3.5,23.8,3.1,5.6,20180304,Full,3,4,morning,0,long.argus,1,2.197224577
S11,97,30.8,3.5,23.8,3.1,5.6,20180304,Full,3,4,morning,0,short.argus,1,2.197224577
S12,97,30.8,3.5,23.8,3.1,5.6,20180304,Full,3,4,morning,0,long.argus,1,2.197224577
S14,97,30.8,3.5,23.8,3.1,5.6,20180304,Full,3,4,morning,0,long.argus,1,2.197224577
S14,97,30.8,3.5,23.8,3.1,5.6,20180304,Full,3,4,morning,0,short.argus,8,2.197224577
S17,97,30.8,3.5,23.8,3.1,5.6,20180304,Full,3,4,morning,0,long.argus,1,2.197224577
S17,97,30.8,3.5,23.8,3.1,5.6,20180304,Full,3,4,morning,0,short.argus,12,2.197224577
S18,97,30.8,3.5,23.8,3.1,5.6,20180304,Full,3,4,morning,0,long.argus,1,2.197224577
S18,97,30.8,3.5,23.8,3.1,5.6,20180304,Full,3,4,morning,0,short.argus,5,2.197224577
S19,97,30.8,3.5,23.8,3.1,5.6,20180304,Full,3,4,morning,0,long.argus,2,2.197224577
S20,97,30.8,3.5,23.8,3.1,5.6,20180304,Full,3,4,morning,0,long.argus,1,2.197224577
S20,97,30.8,3.5,23.8,3.1,5.6,20180304,Full,3,4,morning,0,short.argus,1,2.197224577
S16,97,30.8,3.5,23.8,3.1,5.6,20180304,Full,3,4,morning,0,short.argus,2,2.197224577
S11,99,32.3,0.2,22.2,130,0,20180404,Full,4,4,afternoon,1,long.argus,3,0.693147181
S11,99,32.3,0.2,22.2,130,0,20180404,Full,4,4,afternoon,1,short.argus,3,0.693147181
S17,99,32.3,0.2,22.2,130,0,20180404,Full,4,4,afternoon,1,long.argus,1,0.693147181
S17,99,32.3,0.2,22.2,130,0,20180404,Full,4,4,evening,1,long.argus,2,0.693147181
S11,99,32.3,0.2,22.2,130,0,20180404,Full,4,4,morning,1,long.argus,1,0.693147181
S11,99,32.3,0.2,22.2,130,0,20180404,Full,4,4,morning,1,short.argus,3,0.693147181
S17,99,32.3,0.2,22.2,130,0,20180404,Full,4,4,morning,1,long.argus,2,0.693147181
S17,96,30.4,0.4,23.2,3.5,0.9,20180305,Full,3,5,afternoon,0,long.argus,2,1.609437912
S18,96,30.4,0.4,23.2,3.5,0.9,20180305,Full,3,5,afternoon,0,long.argus,2,1.609437912
S18,96,30.4,0.4,23.2,3.5,0.9,20180305,Full,3,5,afternoon,0,short.argus,9,1.609437912
S19,96,30.4,0.4,23.2,3.5,0.9,20180305,Full,3,5,afternoon,0,long.argus,1,1.609437912
S18,96,30.4,0.4,23.2,3.5,0.9,20180305,Full,3,5,evening,0,long.argus,3,1.609437912
S18,96,30.4,0.4,23.2,3.5,0.9,20180305,Full,3,5,evening,0,short.argus,1,1.609437912
S19,96,30.4,0.4,23.2,3.5,0.9,20180305,Full,3,5,evening,0,short.argus,1,1.609437912
S18,96,30.4,0.4,23.2,3.5,0.9,20180305,Full,3,5,madrugada,0,long.argus,1,1.609437912
S19,96,30.4,0.4,23.2,3.5,0.9,20180305,Full,3,5,madrugada,0,long.argus,2,1.609437912
S12,96,30.4,0.4,23.2,3.5,0.9,20180305,Full,3,5,morning,0,long.argus,1,1.609437912
S14,96,30.4,0.4,23.2,3.5,0.9,20180305,Full,3,5,morning,0,long.argus,1,1.609437912
S14,96,30.4,0.4,23.2,3.5,0.9,20180305,Full,3,5,morning,0,short.argus,10,1.609437912
S17,96,30.4,0.4,23.2,3.5,0.9,20180305,Full,3,5,morning,0,long.argus,1,1.609437912
S17,96,30.4,0.4,23.2,3.5,0.9,20180305,Full,3,5,morning,0,short.argus,2,1.609437912
S18,96,30.4,0.4,23.2,3.5,0.9,20180305,Full,3,5,morning,0,long.argus,2,1.609437912
S18,96,30.4,0.4,23.2,3.5,0.9,20180305,Full,3,5,morning,0,short.argus,21,1.609437912
S19,96,30.4,0.4,23.2,3.5,0.9,20180305,Full,3,5,morning,0,long.argus,2,1.609437912
S11,96,32.3,0.6,22.2,0.2,5.9,20180405,Waning,4,5,afternoon,1,short.argus,3,1.945910149
S16,96,32.3,0.6,22.2,0.2,5.9,20180405,Waning,4,5,evening,0,long.argus,1,1.945910149
S19,96,32.3,0.6,22.2,0.2,5.9,20180405,Waning,4,5,evening,0,long.argus,1,1.945910149
S11,96,32.3,0.6,22.2,0.2,5.9,20180405,Waning,4,5,morning,1,long.argus,3,1.945910149
S11,96,32.3,0.6,22.2,0.2,5.9,20180405,Waning,4,5,morning,1,short.argus,5,1.945910149
S12,96,32.3,0.6,22.2,0.2,5.9,20180405,Waning,4,5,morning,1,long.argus,2,1.945910149
S13,96,32.3,0.6,22.2,0.2,5.9,20180405,Waning,4,5,morning,1,long.argus,1,1.945910149
S15,96,32.3,0.6,22.2,0.2,5.9,20180405,Waning,4,5,morning,1,long.argus,1,1.945910149
S17,96,32.3,0.6,22.2,0.2,5.9,20180405,Waning,4,5,morning,1,long.argus,2,1.945910149
S14,96,32.3,0,23.5,0.4,7.1,20180306,Waning,3,6,afternoon,0,long.argus,1,2.079441542
S14,96,32.3,0,23.5,0.4,7.1,20180306,Waning,3,6,afternoon,0,short.argus,2,2.079441542
S17,96,32.3,0,23.5,0.4,7.1,20180306,Waning,3,6,afternoon,0,long.argus,3,2.079441542
S19,96,32.3,0,23.5,0.4,7.1,20180306,Waning,3,6,afternoon,0,long.argus,1,2.079441542
S18,96,32.3,0,23.5,0.4,7.1,20180306,Waning,3,6,afternoon,0,short.argus,1,2.079441542
S20,96,32.3,0,23.5,0.4,7.1,20180306,Waning,3,6,afternoon,0,short.argus,5,2.079441542
S18,96,32.3,0,23.5,0.4,7.1,20180306,Waning,3,6,evening,0,long.argus,1,2.079441542
S19,96,32.3,0,23.5,0.4,7.1,20180306,Waning,3,6,evening,0,long.argus,1,2.079441542
S14,96,32.3,0,23.5,0.4,7.1,20180306,Waning,3,6,evening,0,short.argus,1,2.079441542
S18,96,32.3,0,23.5,0.4,7.1,20180306,Waning,3,6,madrugada,0,long.argus,1,2.079441542
S11,96,32.3,0,23.5,0.4,7.1,20180306,Waning,3,6,morning,0,long.argus,2,2.079441542
S11,96,32.3,0,23.5,0.4,7.1,20180306,Waning,3,6,morning,0,short.argus,3,2.079441542
S12,96,32.3,0,23.5,0.4,7.1,20180306,Waning,3,6,morning,0,long.argus,1,2.079441542
S13,96,32.3,0,23.5,0.4,7.1,20180306,Waning,3,6,morning,0,long.argus,1,2.079441542
S14,96,32.3,0,23.5,0.4,7.1,20180306,Waning,3,6,morning,0,long.argus,3,2.079441542
S14,96,32.3,0,23.5,0.4,7.1,20180306,Waning,3,6,morning,0,short.argus,8,2.079441542
S17,96,32.3,0,23.5,0.4,7.1,20180306,Waning,3,6,morning,0,long.argus,5,2.079441542
S17,96,32.3,0,23.5,0.4,7.1,20180306,Waning,3,6,morning,0,short.argus,4,2.079441542
S18,96,32.3,0,23.5,0.4,7.1,20180306,Waning,3,6,morning,0,long.argus,1,2.079441542
S18,96,32.3,0,23.5,0.4,7.1,20180306,Waning,3,6,morning,0,short.argus,14,2.079441542
S20,96,32.3,0,23.5,0.4,7.1,20180306,Waning,3,6,morning,0,short.argus,3,2.079441542
S11,97,32.3,1.6,22.2,0.6,7.5,20180406,Waning,4,6,afternoon,0,long.argus,4,1.791759469
S11,97,32.3,1.6,22.2,0.6,7.5,20180406,Waning,4,6,afternoon,0,short.argus,3,1.791759469
S12,97,32.3,1.6,22.2,0.6,7.5,20180406,Waning,4,6,afternoon,0,long.argus,1,1.791759469
S17,97,32.3,1.6,22.2,0.6,7.5,20180406,Waning,4,6,afternoon,0,long.argus,1,1.791759469
S16,97,32.3,1.6,22.2,0.6,7.5,20180406,Waning,4,6,afternoon,0,short.argus,2,1.791759469
S19,97,32.3,1.6,22.2,0.6,7.5,20180406,Waning,4,6,afternoon,0,short.argus,1,1.791759469
S13,97,32.3,1.6,22.2,0.6,7.5,20180406,Waning,4,6,evening,0,long.argus,1,1.791759469
S16,97,32.3,1.6,22.2,0.6,7.5,20180406,Waning,4,6,evening,0,long.argus,4,1.791759469
S19,97,32.3,1.6,22.2,0.6,7.5,20180406,Waning,4,6,evening,0,long.argus,1,1.791759469
S11,97,32.3,1.6,22.2,0.6,7.5,20180406,Waning,4,6,madrugada,0,long.argus,2,1.791759469
S11,97,32.3,1.6,22.2,0.6,7.5,20180406,Waning,4,6,madrugada,0,short.argus,1,1.791759469
S11,97,32.3,1.6,22.2,0.6,7.5,20180406,Waning,4,6,morning,0,long.argus,1,1.791759469
S11,97,32.3,1.6,22.2,0.6,7.5,20180406,Waning,4,6,morning,0,short.argus,4,1.791759469
S12,97,32.3,1.6,22.2,0.6,7.5,20180406,Waning,4,6,morning,0,long.argus,1,1.791759469
S13,97,32.3,1.6,22.2,0.6,7.5,20180406,Waning,4,6,morning,0,long.argus,2,1.791759469
S17,97,32.3,1.6,22.2,0.6,7.5,20180406,Waning,4,6,morning,0,long.argus,4,1.791759469
S16,98,31.2,14,23.3,0,6.2,20180307,Waning,3,7,afternoon,1,long.argus,1,1.609437912
S17,98,31.2,14,23.3,0,6.2,20180307,Waning,3,7,afternoon,1,long.argus,1,1.609437912
S17,98,31.2,14,23.3,0,6.2,20180307,Waning,3,7,evening,1,long.argus,1,1.609437912
S14,98,31.2,14,23.3,0,6.2,20180307,Waning,3,7,madrugada,0,long.argus,1,1.609437912
S14,98,31.2,14,23.3,0,6.2,20180307,Waning,3,7,madrugada,0,short.argus,1,1.609437912
S17,98,31.2,14,23.3,0,6.2,20180307,Waning,3,7,madrugada,0,long.argus,1,1.609437912
S19,98,31.2,14,23.3,0,6.2,20180307,Waning,3,7,madrugada,0,long.argus,1,1.609437912
S11,98,31.2,14,23.3,0,6.2,20180307,Waning,3,7,madrugada,0,short.argus,2,1.609437912
S11,98,31.2,14,23.3,0,6.2,20180307,Waning,3,7,morning,1,long.argus,1,1.609437912
S11,98,31.2,14,23.3,0,6.2,20180307,Waning,3,7,morning,1,short.argus,1,1.609437912
S14,98,31.2,14,23.3,0,6.2,20180307,Waning,3,7,morning,1,long.argus,1,1.609437912
S14,98,31.2,14,23.3,0,6.2,20180307,Waning,3,7,morning,1,short.argus,6,1.609437912
S16,98,31.2,14,23.3,0,6.2,20180307,Waning,3,7,morning,1,short.argus,5,1.609437912
S17,98,31.2,14,23.3,0,6.2,20180307,Waning,3,7,morning,1,short.argus,1,1.609437912
S11,98,32,0,22.2,1.6,8.2,20180407,Waning,4,7,afternoon,1,long.argus,1,1.609437912
S11,98,32,0,22.2,1.6,8.2,20180407,Waning,4,7,afternoon,1,short.argus,1,1.609437912
S13,98,32,0,22.2,1.6,8.2,20180407,Waning,4,7,afternoon,1,long.argus,1,1.609437912
S17,98,32,0,22.2,1.6,8.2,20180407,Waning,4,7,evening,0,long.argus,1,1.609437912
S19,98,32,0,22.2,1.6,8.2,20180407,Waning,4,7,evening,0,long.argus,1,1.609437912
S11,98,32,0,22.2,1.6,8.2,20180407,Waning,4,7,morning,1,long.argus,4,1.609437912
S11,98,32,0,22.2,1.6,8.2,20180407,Waning,4,7,morning,1,short.argus,1,1.609437912
S12,98,32,0,22.2,1.6,8.2,20180407,Waning,4,7,morning,1,long.argus,1,1.609437912
S13,98,32,0,22.2,1.6,8.2,20180407,Waning,4,7,morning,1,long.argus,2,1.609437912
S17,98,32,0,22.2,1.6,8.2,20180407,Waning,4,7,morning,1,long.argus,3,1.609437912
S17,90,30.8,1.8,23.9,14,4.5,20180308,Waning,3,8,afternoon,1,long.argus,1,1.609437912
S16,90,30.8,1.8,23.9,14,4.5,20180308,Waning,3,8,evening,1,long.argus,1,1.609437912
S16,90,30.8,1.8,23.9,14,4.5,20180308,Waning,3,8,evening,1,short.argus,1,1.609437912
S18,90,30.8,1.8,23.9,14,4.5,20180308,Waning,3,8,evening,1,long.argus,1,1.609437912
S18,90,30.8,1.8,23.9,14,4.5,20180308,Waning,3,8,evening,1,short.argus,1,1.609437912
S18,90,30.8,1.8,23.9,14,4.5,20180308,Waning,3,8,madrugada,1,long.argus,1,1.609437912
S14,90,30.8,1.8,23.9,14,4.5,20180308,Waning,3,8,morning,1,long.argus,1,1.609437912
S14,90,30.8,1.8,23.9,14,4.5,20180308,Waning,3,8,morning,1,short.argus,5,1.609437912
S17,90,30.8,1.8,23.9,14,4.5,20180308,Waning,3,8,morning,1,long.argus,3,1.609437912
S17,90,30.8,1.8,23.9,14,4.5,20180308,Waning,3,8,morning,1,short.argus,12,1.609437912
S18,90,30.8,1.8,23.9,14,4.5,20180308,Waning,3,8,morning,1,long.argus,7,1.609437912
S18,90,30.8,1.8,23.9,14,4.5,20180308,Waning,3,8,morning,1,short.argus,10,1.609437912
S19,90,30.8,1.8,23.9,14,4.5,20180308,Waning,3,8,morning,1,long.argus,3,1.609437912
S11,96,31.9,6.7,22.2,0,7.3,20180408,Waning,4,8,afternoon,1,long.argus,1,1.386294361
S11,96,31.9,6.7,22.2,0,7.3,20180408,Waning,4,8,afternoon,1,short.argus,1,1.386294361
S11,96,31.9,6.7,22.2,0,7.3,20180408,Waning,4,8,madrugada,0,long.argus,1,1.386294361
S11,96,31.9,6.7,22.2,0,7.3,20180408,Waning,4,8,madrugada,0,short.argus,2,1.386294361
S17,96,31.9,6.7,22.2,0,7.3,20180408,Waning,4,8,madrugada,0,long.argus,2,1.386294361
S19,96,31.9,6.7,22.2,0,7.3,20180408,Waning,4,8,madrugada,0,short.argus,1,1.386294361
S11,96,31.9,6.7,22.2,0,7.3,20180408,Waning,4,8,morning,0,long.argus,5,1.386294361
S11,96,31.9,6.7,22.2,0,7.3,20180408,Waning,4,8,morning,0,short.argus,3,1.386294361
S12,96,31.9,6.7,22.2,0,7.3,20180408,Waning,4,8,morning,0,long.argus,1,1.386294361
S17,96,31.9,6.7,22.2,0,7.3,20180408,Waning,4,8,morning,0,long.argus,3,1.386294361
S19,94,32.9,0.1,23.9,0,5.6,20180508,Waning,5,8,afternoon,0,long.argus,1,0
S19,94,32.9,0.1,23.9,0,5.6,20180508,Waning,5,8,madrugada,0,long.argus,1,0
S11,98,30.7,0,24.1,1.8,7.5,20180309,Waning,3,9,afternoon,0,long.argus,4,1.791759469
S11,98,30.7,0,24.1,1.8,7.5,20180309,Waning,3,9,afternoon,0,short.argus,3,1.791759469
S13,98,30.7,0,24.1,1.8,7.5,20180309,Waning,3,9,afternoon,0,long.argus,1,1.791759469
S14,98,30.7,0,24.1,1.8,7.5,20180309,Waning,3,9,afternoon,0,long.argus,1,1.791759469
S18,98,30.7,0,24.1,1.8,7.5,20180309,Waning,3,9,afternoon,0,long.argus,6,1.791759469
S19,98,30.7,0,24.1,1.8,7.5,20180309,Waning,3,9,afternoon,0,long.argus,2,1.791759469
S19,98,30.7,0,24.1,1.8,7.5,20180309,Waning,3,9,afternoon,0,short.argus,1,1.791759469
S11,98,30.7,0,24.1,1.8,7.5,20180309,Waning,3,9,evening,0,short.argus,2,1.791759469
S17,98,30.7,0,24.1,1.8,7.5,20180309,Waning,3,9,evening,0,short.argus,1,1.791759469
S18,98,30.7,0,24.1,1.8,7.5,20180309,Waning,3,9,evening,0,short.argus,1,1.791759469
S17,98,30.7,0,24.1,1.8,7.5,20180309,Waning,3,9,madrugada,0,long.argus,1,1.791759469
S11,98,30.7,0,24.1,1.8,7.5,20180309,Waning,3,9,morning,0,long.argus,5,1.791759469
S14,98,30.7,0,24.1,1.8,7.5,20180309,Waning,3,9,morning,0,long.argus,3,1.791759469
S14,98,30.7,0,24.1,1.8,7.5,20180309,Waning,3,9,morning,0,short.argus,6,1.791759469
S18,98,30.7,0,24.1,1.8,7.5,20180309,Waning,3,9,morning,0,long.argus,1,1.791759469
S18,98,30.7,0,24.1,1.8,7.5,20180309,Waning,3,9,morning,0,short.argus,1,1.791759469
S17,98,30.7,0,24.1,1.8,7.5,20180309,Waning,3,9,morning,0,short.argus,4,1.791759469
S11,95,31.9,0,23,6.7,6.8,20180409,Waning,4,9,afternoon,0,long.argus,4,1.386294361
S11,95,31.9,0,23,6.7,6.8,20180409,Waning,4,9,afternoon,0,short.argus,2,1.386294361
S12,95,31.9,0,23,6.7,6.8,20180409,Waning,4,9,afternoon,0,long.argus,1,1.386294361
S11,95,31.9,0,23,6.7,6.8,20180409,Waning,4,9,evening,0,long.argus,1,1.386294361
S11,95,31.9,0,23,6.7,6.8,20180409,Waning,4,9,evening,0,short.argus,1,1.386294361
S12,95,31.9,0,23,6.7,6.8,20180409,Waning,4,9,evening,0,long.argus,1,1.386294361
S13,95,31.9,0,23,6.7,6.8,20180409,Waning,4,9,evening,0,short.argus,1,1.386294361
S12,95,31.9,0,23,6.7,6.8,20180409,Waning,4,9,madrugada,0,long.argus,1,1.386294361
S11,95,31.9,0,23,6.7,6.8,20180409,Waning,4,9,morning,0,long.argus,1,1.386294361
S11,95,31.9,0,23,6.7,6.8,20180409,Waning,4,9,morning,0,short.argus,2,1.386294361
S12,95,31.9,0,23,6.7,6.8,20180409,Waning,4,9,morning,0,long.argus,1,1.386294361
S19,95,31.9,0,23,6.7,6.8,20180409,Waning,4,9,morning,0,long.argus,2,1.386294361
S19,94,32,7.8,24.1,0.1,5,20180509,Waning,5,9,afternoon,0,long.argus,1,0
S19,94,32,7.8,24.1,0.1,5,20180509,Waning,5,9,madrugada,0,long.argus,3,0
S19,94,32,7.8,24.1,0.1,5,20180509,Waning,5,9,morning,0,long.argus,4,0
S14,97,30.9,2.2,24.1,0,7.2,20180310,Waning,3,10,afternoon,1,long.argus,1,2.197224577
S14,97,30.9,2.2,24.1,0,7.2,20180310,Waning,3,10,afternoon,1,short.argus,2,2.197224577
S17,97,30.9,2.2,24.1,0,7.2,20180310,Waning,3,10,afternoon,1,long.argus,1,2.197224577
S17,97,30.9,2.2,24.1,0,7.2,20180310,Waning,3,10,afternoon,1,short.argus,1,2.197224577
S18,97,30.9,2.2,24.1,0,7.2,20180310,Waning,3,10,afternoon,1,long.argus,2,2.197224577
S19,97,30.9,2.2,24.1,0,7.2,20180310,Waning,3,10,afternoon,1,long.argus,1,2.197224577
S19,97,30.9,2.2,24.1,0,7.2,20180310,Waning,3,10,afternoon,1,short.argus,1,2.197224577
S13,97,30.9,2.2,24.1,0,7.2,20180310,Waning,3,10,evening,0,long.argus,1,2.197224577
S16,97,30.9,2.2,24.1,0,7.2,20180310,Waning,3,10,evening,0,long.argus,1,2.197224577
S16,97,30.9,2.2,24.1,0,7.2,20180310,Waning,3,10,evening,0,short.argus,1,2.197224577
S18,97,30.9,2.2,24.1,0,7.2,20180310,Waning,3,10,evening,0,long.argus,2,2.197224577
S14,97,30.9,2.2,24.1,0,7.2,20180310,Waning,3,10,evening,0,short.argus,1,2.197224577
S18,97,30.9,2.2,24.1,0,7.2,20180310,Waning,3,10,madrugada,0,long.argus,2,2.197224577
S14,97,30.9,2.2,24.1,0,7.2,20180310,Waning,3,10,madrugada,0,short.argus,1,2.197224577
S11,97,30.9,2.2,24.1,0,7.2,20180310,Waning,3,10,morning,0,long.argus,6,2.197224577
S11,97,30.9,2.2,24.1,0,7.2,20180310,Waning,3,10,morning,0,short.argus,10,2.197224577
S12,97,30.9,2.2,24.1,0,7.2,20180310,Waning,3,10,morning,0,long.argus,1,2.197224577
S17,97,30.9,2.2,24.1,0,7.2,20180310,Waning,3,10,morning,0,long.argus,1,2.197224577
S17,97,30.9,2.2,24.1,0,7.2,20180310,Waning,3,10,morning,0,short.argus,1,2.197224577
S18,97,30.9,2.2,24.1,0,7.2,20180310,Waning,3,10,morning,0,long.argus,1,2.197224577
S18,97,30.9,2.2,24.1,0,7.2,20180310,Waning,3,10,morning,0,short.argus,15,2.197224577
S19,97,30.9,2.2,24.1,0,7.2,20180310,Waning,3,10,morning,0,long.argus,1,2.197224577
S20,97,30.9,2.2,24.1,0,7.2,20180310,Waning,3,10,morning,0,long.argus,1,2.197224577
S14,97,30.9,2.2,24.1,0,7.2,20180310,Waning,3,10,morning,0,short.argus,2,2.197224577
S11,96,31.9,0.2,23.5,0,5.5,20180410,Waning,4,10,afternoon,1,long.argus,2,1.386294361
S11,96,31.9,0.2,23.5,0,5.5,20180410,Waning,4,10,afternoon,1,short.argus,1,1.386294361
S11,96,31.9,0.2,23.5,0,5.5,20180410,Waning,4,10,madrugada,0,long.argus,2,1.386294361
S11,96,31.9,0.2,23.5,0,5.5,20180410,Waning,4,10,madrugada,0,short.argus,1,1.386294361
S12,96,31.9,0.2,23.5,0,5.5,20180410,Waning,4,10,madrugada,0,long.argus,2,1.386294361
S19,96,31.9,0.2,23.5,0,5.5,20180410,Waning,4,10,madrugada,0,long.argus,1,1.386294361
S11,96,31.9,0.2,23.5,0,5.5,20180410,Waning,4,10,morning,1,long.argus,2,1.386294361
S11,96,31.9,0.2,23.5,0,5.5,20180410,Waning,4,10,morning,1,short.argus,5,1.386294361
S12,96,31.9,0.2,23.5,0,5.5,20180410,Waning,4,10,morning,1,long.argus,1,1.386294361
S13,96,31.9,0.2,23.5,0,5.5,20180410,Waning,4,10,morning,1,long.argus,1,1.386294361
S11,98,30.8,0,22.6,2.2,6.8,20180311,Waning,3,11,afternoon,0,long.argus,1,2.197224577
S11,98,30.8,0,22.6,2.2,6.8,20180311,Waning,3,11,afternoon,0,short.argus,2,2.197224577
S19,98,30.8,0,22.6,2.2,6.8,20180311,Waning,3,11,afternoon,0,long.argus,2,2.197224577
S19,98,30.8,0,22.6,2.2,6.8,20180311,Waning,3,11,afternoon,0,short.argus,1,2.197224577
S13,98,30.8,0,22.6,2.2,6.8,20180311,Waning,3,11,evening,0,long.argus,1,2.197224577
S16,98,30.8,0,22.6,2.2,6.8,20180311,Waning,3,11,evening,0,long.argus,1,2.197224577
S16,98,30.8,0,22.6,2.2,6.8,20180311,Waning,3,11,evening,0,short.argus,1,2.197224577
S18,98,30.8,0,22.6,2.2,6.8,20180311,Waning,3,11,evening,0,long.argus,2,2.197224577
S11,98,30.8,0,22.6,2.2,6.8,20180311,Waning,3,11,morning,0,long.argus,2,2.197224577
S11,98,30.8,0,22.6,2.2,6.8,20180311,Waning,3,11,morning,0,short.argus,3,2.197224577
S12,98,30.8,0,22.6,2.2,6.8,20180311,Waning,3,11,morning,0,long.argus,3,2.197224577
S14,98,30.8,0,22.6,2.2,6.8,20180311,Waning,3,11,morning,0,long.argus,3,2.197224577
S14,98,30.8,0,22.6,2.2,6.8,20180311,Waning,3,11,morning,0,short.argus,4,2.197224577
S17,98,30.8,0,22.6,2.2,6.8,20180311,Waning,3,11,morning,0,long.argus,1,2.197224577
S17,98,30.8,0,22.6,2.2,6.8,20180311,Waning,3,11,morning,0,short.argus,4,2.197224577
S20,98,30.8,0,22.6,2.2,6.8,20180311,Waning,3,11,morning,0,short.argus,7,2.197224577
S12,95,31.5,24.4,23.8,0.2,4.6,20180411,Waning,4,11,afternoon,1,long.argus,2,1.098612289
S11,95,31.5,24.4,23.8,0.2,4.6,20180411,Waning,4,11,madrugada,0,long.argus,1,1.098612289
S11,95,31.5,24.4,23.8,0.2,4.6,20180411,Waning,4,11,madrugada,0,short.argus,4,1.098612289
S11,95,31.5,24.4,23.8,0.2,4.6,20180411,Waning,4,11,morning,0,long.argus,2,1.098612289
S11,95,31.5,24.4,23.8,0.2,4.6,20180411,Waning,4,11,morning,0,short.argus,1,1.098612289
S12,95,31.5,24.4,23.8,0.2,4.6,20180411,Waning,4,11,morning,0,long.argus,1,1.098612289
S12,95,31.5,24.4,23.8,0.2,4.6,20180411,Waning,4,11,morning,0,short.argus,1,1.098612289
S19,95,31.5,24.4,23.8,0.2,4.6,20180411,Waning,4,11,morning,0,long.argus,1,1.098612289
S19,96,33.3,0,23.8,0,6.3,20180511,Waning,5,11,afternoon,0,long.argus,2,0
S19,96,33.3,0,23.8,0,6.3,20180511,Waning,5,11,madrugada,0,long.argus,1,0
S11,96,32.3,25,23.3,0,8.1,20180312,Waning,3,12,afternoon,0,long.argus,1,2.079441542
S11,96,32.3,25,23.3,0,8.1,20180312,Waning,3,12,afternoon,0,short.argus,3,2.079441542
S12,96,32.3,25,23.3,0,8.1,20180312,Waning,3,12,afternoon,0,long.argus,1,2.079441542
S13,96,32.3,25,23.3,0,8.1,20180312,Waning,3,12,afternoon,0,long.argus,1,2.079441542
S14,96,32.3,25,23.3,0,8.1,20180312,Waning,3,12,afternoon,0,long.argus,2,2.079441542
S14,96,32.3,25,23.3,0,8.1,20180312,Waning,3,12,afternoon,0,short.argus,3,2.079441542
S16,96,32.3,25,23.3,0,8.1,20180312,Waning,3,12,afternoon,0,long.argus,2,2.079441542
S17,96,32.3,25,23.3,0,8.1,20180312,Waning,3,12,afternoon,0,long.argus,2,2.079441542
S17,96,32.3,25,23.3,0,8.1,20180312,Waning,3,12,afternoon,0,short.argus,2,2.079441542
S18,96,32.3,25,23.3,0,8.1,20180312,Waning,3,12,afternoon,0,long.argus,2,2.079441542
S11,96,32.3,25,23.3,0,8.1,20180312,Waning,3,12,evening,1,long.argus,1,2.079441542
S11,96,32.3,25,23.3,0,8.1,20180312,Waning,3,12,evening,1,short.argus,2,2.079441542
S17,96,32.3,25,23.3,0,8.1,20180312,Waning,3,12,evening,1,long.argus,1,2.079441542
S18,96,32.3,25,23.3,0,8.1,20180312,Waning,3,12,madrugada,0,long.argus,3,2.079441542
S19,96,32.3,25,23.3,0,8.1,20180312,Waning,3,12,madrugada,0,long.argus,1,2.079441542
S11,96,32.3,25,23.3,0,8.1,20180312,Waning,3,12,morning,0,long.argus,2,2.079441542
S11,96,32.3,25,23.3,0,8.1,20180312,Waning,3,12,morning,0,short.argus,1,2.079441542
S12,96,32.3,25,23.3,0,8.1,20180312,Waning,3,12,morning,0,long.argus,1,2.079441542
S14,96,32.3,25,23.3,0,8.1,20180312,Waning,3,12,morning,0,long.argus,4,2.079441542
S14,96,32.3,25,23.3,0,8.1,20180312,Waning,3,12,morning,0,short.argus,3,2.079441542
S17,96,32.3,25,23.3,0,8.1,20180312,Waning,3,12,morning,0,long.argus,1,2.079441542
S17,96,32.3,25,23.3,0,8.1,20180312,Waning,3,12,morning,0,short.argus,9,2.079441542
S18,96,32.3,25,23.3,0,8.1,20180312,Waning,3,12,morning,0,short.argus,2,2.079441542
S19,94,32.8,9.2,23.9,0,5.5,20180512,New,5,12,afternoon,0,long.argus,1,0
S17,97,26.1,1,23.2,0,0,20180213,New,2,13,afternoon,0,long.argus,1,0.693147181
S17,97,26.1,1,23.2,0,0,20180213,New,2,13,evening,0,long.argus,3,0.693147181
S17,97,26.1,1,23.2,0,0,20180213,New,2,13,madrugada,0,long.argus,1,0.693147181
S17,97,26.1,1,23.2,0,0,20180213,New,2,13,morning,0,long.argus,2,0.693147181
S18,97,26.1,1,23.2,0,0,20180213,New,2,13,morning,0,long.argus,2,0.693147181
S18,97,26.1,1,23.2,0,0,20180213,New,2,13,morning,0,short.argus,4,0.693147181
S11,97,32,0,23.8,25,7.3,20180313,Waning,3,13,afternoon,1,long.argus,2,2.197224577
S12,97,32,0,23.8,25,7.3,20180313,Waning,3,13,afternoon,1,long.argus,2,2.197224577
S18,97,32,0,23.8,25,7.3,20180313,Waning,3,13,afternoon,1,long.argus,2,2.197224577
S19,97,32,0,23.8,25,7.3,20180313,Waning,3,13,afternoon,1,long.argus,2,2.197224577
S19,97,32,0,23.8,25,7.3,20180313,Waning,3,13,afternoon,1,short.argus,1,2.197224577
S16,97,32,0,23.8,25,7.3,20180313,Waning,3,13,evening,1,short.argus,1,2.197224577
S11,97,32,0,23.8,25,7.3,20180313,Waning,3,13,morning,0,long.argus,4,2.197224577
S11,97,32,0,23.8,25,7.3,20180313,Waning,3,13,morning,0,short.argus,4,2.197224577
S12,97,32,0,23.8,25,7.3,20180313,Waning,3,13,morning,0,long.argus,3,2.197224577
S13,97,32,0,23.8,25,7.3,20180313,Waning,3,13,morning,0,long.argus,1,2.197224577
S14,97,32,0,23.8,25,7.3,20180313,Waning,3,13,morning,0,long.argus,3,2.197224577
S14,97,32,0,23.8,25,7.3,20180313,Waning,3,13,morning,0,short.argus,5,2.197224577
S17,97,32,0,23.8,25,7.3,20180313,Waning,3,13,morning,0,long.argus,2,2.197224577
S17,97,32,0,23.8,25,7.3,20180313,Waning,3,13,morning,0,short.argus,8,2.197224577
S18,97,32,0,23.8,25,7.3,20180313,Waning,3,13,morning,0,long.argus,3,2.197224577
S18,97,32,0,23.8,25,7.3,20180313,Waning,3,13,morning,0,short.argus,8,2.197224577
S20,97,32,0,23.8,25,7.3,20180313,Waning,3,13,morning,0,short.argus,20,2.197224577
S11,95,31.9,0.7,23.5,10.1,5.4,20180413,New,4,13,afternoon,0,long.argus,4,1.098612289
S11,95,31.9,0.7,23.5,10.1,5.4,20180413,New,4,13,afternoon,0,short.argus,1,1.098612289
S11,95,31.9,0.7,23.5,10.1,5.4,20180413,New,4,13,madrugada,0,long.argus,1,1.098612289
S11,95,31.9,0.7,23.5,10.1,5.4,20180413,New,4,13,madrugada,0,short.argus,1,1.098612289
S12,95,31.9,0.7,23.5,10.1,5.4,20180413,New,4,13,madrugada,0,long.argus,1,1.098612289
S11,95,31.9,0.7,23.5,10.1,5.4,20180413,New,4,13,morning,0,long.argus,2,1.098612289
S11,95,31.9,0.7,23.5,10.1,5.4,20180413,New,4,13,morning,0,short.argus,2,1.098612289
S13,95,31.9,0.7,23.5,10.1,5.4,20180413,New,4,13,morning,0,short.argus,2,1.098612289
S19,96,32.9,69.4,23.8,9.2,6.7,20180513,New,5,13,afternoon,0,long.argus,1,0
S19,96,32.9,69.4,23.8,9.2,6.7,20180513,New,5,13,morning,0,long.argus,6,0
S14,96,31.9,3.5,22.2,1,3.1,20180214,New,2,14,afternoon,1,long.argus,1,2.197224577
S14,96,31.9,3.5,22.2,1,3.1,20180214,New,2,14,afternoon,1,short.argus,1,2.197224577
S17,96,31.9,3.5,22.2,1,3.1,20180214,New,2,14,afternoon,1,long.argus,1,2.197224577
S16,96,31.9,3.5,22.2,1,3.1,20180214,New,2,14,evening,0,long.argus,1,2.197224577
S16,96,31.9,3.5,22.2,1,3.1,20180214,New,2,14,evening,0,short.argus,1,2.197224577
S18,96,31.9,3.5,22.2,1,3.1,20180214,New,2,14,evening,0,long.argus,2,2.197224577
S18,96,31.9,3.5,22.2,1,3.1,20180214,New,2,14,evening,0,short.argus,1,2.197224577
S19,96,31.9,3.5,22.2,1,3.1,20180214,New,2,14,evening,0,long.argus,1,2.197224577
S14,96,31.9,3.5,22.2,1,3.1,20180214,New,2,14,evening,0,short.argus,2,2.197224577
S12,96,31.9,3.5,22.2,1,3.1,20180214,New,2,14,madrugada,0,long.argus,1,2.197224577
S13,96,31.9,3.5,22.2,1,3.1,20180214,New,2,14,madrugada,0,long.argus,2,2.197224577
S17,96,31.9,3.5,22.2,1,3.1,20180214,New,2,14,madrugada,0,long.argus,3,2.197224577
S18,96,31.9,3.5,22.2,1,3.1,20180214,New,2,14,madrugada,0,long.argus,4,2.197224577
S19,96,31.9,3.5,22.2,1,3.1,20180214,New,2,14,madrugada,0,long.argus,1,2.197224577
S20,96,31.9,3.5,22.2,1,3.1,20180214,New,2,14,madrugada,0,long.argus,1,2.197224577
S11,96,31.9,3.5,22.2,1,3.1,20180214,New,2,14,madrugada,0,short.argus,8,2.197224577
S14,96,31.9,3.5,22.2,1,3.1,20180214,New,2,14,madrugada,0,short.argus,2,2.197224577
S11,96,31.9,3.5,22.2,1,3.1,20180214,New,2,14,morning,0,long.argus,3,2.197224577
S11,96,31.9,3.5,22.2,1,3.1,20180214,New,2,14,morning,0,short.argus,8,2.197224577
S12,96,31.9,3.5,22.2,1,3.1,20180214,New,2,14,morning,0,long.argus,1,2.197224577
S17,96,31.9,3.5,22.2,1,3.1,20180214,New,2,14,morning,0,long.argus,2,2.197224577
S18,96,31.9,3.5,22.2,1,3.1,20180214,New,2,14,morning,0,long.argus,4,2.197224577
S18,96,31.9,3.5,22.2,1,3.1,20180214,New,2,14,morning,0,short.argus,10,2.197224577
S14,96,31.9,3.5,22.2,1,3.1,20180214,New,2,14,morning,0,short.argus,1,2.197224577
S11,97,32.8,0.5,24.1,0,5.8,20180314,New,3,14,afternoon,1,long.argus,1,1.945910149
S17,97,32.8,0.5,24.1,0,5.8,20180314,New,3,14,afternoon,1,long.argus,1,1.945910149
S14,97,32.8,0.5,24.1,0,5.8,20180314,New,3,14,afternoon,1,short.argus,6,1.945910149
S16,97,32.8,0.5,24.1,0,5.8,20180314,New,3,14,madrugada,0,long.argus,1,1.945910149
S17,97,32.8,0.5,24.1,0,5.8,20180314,New,3,14,madrugada,0,long.argus,1,1.945910149
S11,97,32.8,0.5,24.1,0,5.8,20180314,New,3,14,madrugada,0,short.argus,1,1.945910149
S19,97,32.8,0.5,24.1,0,5.8,20180314,New,3,14,madrugada,0,short.argus,1,1.945910149
S11,97,32.8,0.5,24.1,0,5.8,20180314,New,3,14,morning,0,long.argus,3,1.945910149
S11,97,32.8,0.5,24.1,0,5.8,20180314,New,3,14,morning,0,short.argus,2,1.945910149
S12,97,32.8,0.5,24.1,0,5.8,20180314,New,3,14,morning,0,long.argus,2,1.945910149
S14,97,32.8,0.5,24.1,0,5.8,20180314,New,3,14,morning,0,long.argus,3,1.945910149
S14,97,32.8,0.5,24.1,0,5.8,20180314,New,3,14,morning,0,short.argus,19,1.945910149
S18,97,32.8,0.5,24.1,0,5.8,20180314,New,3,14,morning,0,long.argus,2,1.945910149
S18,97,32.8,0.5,24.1,0,5.8,20180314,New,3,14,morning,0,short.argus,7,1.945910149
S19,97,32.8,0.5,24.1,0,5.8,20180314,New,3,14,morning,0,long.argus,3,1.945910149
S17,97,32.8,0.5,24.1,0,5.8,20180314,New,3,14,morning,0,short.argus,1,1.945910149
S11,95,32.8,0,23.8,0.7,6.4,20180414,New,4,14,afternoon,0,long.argus,2,1.386294361
S13,95,32.8,0,23.8,0.7,6.4,20180414,New,4,14,afternoon,0,long.argus,1,1.386294361
S12,95,32.8,0,23.8,0.7,6.4,20180414,New,4,14,madrugada,0,long.argus,2,1.386294361
S11,95,32.8,0,23.8,0.7,6.4,20180414,New,4,14,morning,0,long.argus,3,1.386294361
S11,95,32.8,0,23.8,0.7,6.4,20180414,New,4,14,morning,0,short.argus,3,1.386294361
S12,95,32.8,0,23.8,0.7,6.4,20180414,New,4,14,morning,0,long.argus,2,1.386294361
S15,95,32.8,0,23.8,0.7,6.4,20180414,New,4,14,morning,0,long.argus,1,1.386294361
S19,99,32.9,0.1,23.6,69.4,7.5,20180514,New,5,14,afternoon,0,long.argus,3,0
S19,99,32.9,0.1,23.6,69.4,7.5,20180514,New,5,14,evening,0,long.argus,1,0
S19,99,32.9,0.1,23.6,69.4,7.5,20180514,New,5,14,morning,0,long.argus,1,0
S17,98,32,0,22.8,3.5,8.4,20180215,New,2,15,afternoon,0,long.argus,1,1.945910149
S20,98,32,0,22.8,3.5,8.4,20180215,New,2,15,afternoon,0,short.argus,1,1.945910149
S16,98,32,0,22.8,3.5,8.4,20180215,New,2,15,evening,0,long.argus,2,1.945910149
S17,98,32,0,22.8,3.5,8.4,20180215,New,2,15,evening,0,long.argus,1,1.945910149
S18,98,32,0,22.8,3.5,8.4,20180215,New,2,15,evening,0,long.argus,2,1.945910149
S11,98,32,0,22.8,3.5,8.4,20180215,New,2,15,morning,0,long.argus,2,1.945910149
S11,98,32,0,22.8,3.5,8.4,20180215,New,2,15,morning,0,short.argus,20,1.945910149
S12,98,32,0,22.8,3.5,8.4,20180215,New,2,15,morning,0,long.argus,1,1.945910149
S17,98,32,0,22.8,3.5,8.4,20180215,New,2,15,morning,0,long.argus,4,1.945910149
S18,98,32,0,22.8,3.5,8.4,20180215,New,2,15,morning,0,long.argus,2,1.945910149
S18,98,32,0,22.8,3.5,8.4,20180215,New,2,15,morning,0,short.argus,5,1.945910149
S20,98,32,0,22.8,3.5,8.4,20180215,New,2,15,morning,0,long.argus,2,1.945910149
S14,98,32,0,22.8,3.5,8.4,20180215,New,2,15,morning,0,short.argus,2,1.945910149
S11,95,32,18.8,24.1,0.5,6.2,20180315,New,3,15,afternoon,1,long.argus,1,2.079441542
S11,95,32,18.8,24.1,0.5,6.2,20180315,New,3,15,afternoon,1,short.argus,1,2.079441542
S14,95,32,18.8,24.1,0.5,6.2,20180315,New,3,15,afternoon,1,short.argus,3,2.079441542
S11,95,32,18.8,24.1,0.5,6.2,20180315,New,3,15,madrugada,1,long.argus,1,2.079441542
S11,95,32,18.8,24.1,0.5,6.2,20180315,New,3,15,madrugada,1,short.argus,1,2.079441542
S16,95,32,18.8,24.1,0.5,6.2,20180315,New,3,15,madrugada,1,long.argus,1,2.079441542
S16,95,32,18.8,24.1,0.5,6.2,20180315,New,3,15,madrugada,1,short.argus,2,2.079441542
S17,95,32,18.8,24.1,0.5,6.2,20180315,New,3,15,madrugada,1,long.argus,2,2.079441542
S18,95,32,18.8,24.1,0.5,6.2,20180315,New,3,15,madrugada,1,long.argus,4,2.079441542
S19,95,32,18.8,24.1,0.5,6.2,20180315,New,3,15,madrugada,1,long.argus,1,2.079441542
S14,95,32,18.8,24.1,0.5,6.2,20180315,New,3,15,madrugada,1,short.argus,1,2.079441542
S11,95,32,18.8,24.1,0.5,6.2,20180315,New,3,15,morning,0,long.argus,2,2.079441542
S11,95,32,18.8,24.1,0.5,6.2,20180315,New,3,15,morning,0,short.argus,2,2.079441542
S12,95,32,18.8,24.1,0.5,6.2,20180315,New,3,15,morning,0,long.argus,1,2.079441542
S14,95,32,18.8,24.1,0.5,6.2,20180315,New,3,15,morning,0,long.argus,6,2.079441542
S14,95,32,18.8,24.1,0.5,6.2,20180315,New,3,15,morning,0,short.argus,19,2.079441542
S18,95,32,18.8,24.1,0.5,6.2,20180315,New,3,15,morning,0,long.argus,1,2.079441542
S18,95,32,18.8,24.1,0.5,6.2,20180315,New,3,15,morning,0,short.argus,10,2.079441542
S19,95,32,18.8,24.1,0.5,6.2,20180315,New,3,15,morning,0,long.argus,1,2.079441542
S16,95,32,18.8,24.1,0.5,6.2,20180315,New,3,15,morning,0,short.argus,1,2.079441542
S20,95,32,18.8,24.1,0.5,6.2,20180315,New,3,15,morning,0,short.argus,23,2.079441542
S13,96,32.9,0,23.8,0,8.4,20180415,New,4,15,afternoon,0,long.argus,1,1.098612289
S13,96,32.9,0,23.8,0,8.4,20180415,New,4,15,afternoon,0,short.argus,1,1.098612289
S19,96,32.9,0,23.8,0,8.4,20180415,New,4,15,afternoon,0,short.argus,2,1.098612289
S13,96,32.9,0,23.8,0,8.4,20180415,New,4,15,madrugada,0,long.argus,1,1.098612289
S12,96,32.9,0,23.8,0,8.4,20180415,New,4,15,morning,0,long.argus,1,1.098612289
S13,96,32.9,0,23.8,0,8.4,20180415,New,4,15,morning,0,short.argus,1,1.098612289
S20,97,32,28.2,22.8,0,3.3,20180216,New,2,16,afternoon,1,short.argus,1,2.197224577
S13,97,32,28.2,22.8,0,3.3,20180216,New,2,16,evening,0,long.argus,1,2.197224577
S16,97,32,28.2,22.8,0,3.3,20180216,New,2,16,evening,0,long.argus,1,2.197224577
S19,97,32,28.2,22.8,0,3.3,20180216,New,2,16,evening,0,long.argus,1,2.197224577
S12,97,32,28.2,22.8,0,3.3,20180216,New,2,16,madrugada,0,long.argus,2,2.197224577
S14,97,32,28.2,22.8,0,3.3,20180216,New,2,16,madrugada,0,long.argus,1,2.197224577
S14,97,32,28.2,22.8,0,3.3,20180216,New,2,16,madrugada,0,short.argus,1,2.197224577
S16,97,32,28.2,22.8,0,3.3,20180216,New,2,16,madrugada,0,long.argus,1,2.197224577
S17,97,32,28.2,22.8,0,3.3,20180216,New,2,16,madrugada,0,long.argus,2,2.197224577
S18,97,32,28.2,22.8,0,3.3,20180216,New,2,16,madrugada,0,long.argus,4,2.197224577
S19,97,32,28.2,22.8,0,3.3,20180216,New,2,16,madrugada,0,long.argus,3,2.197224577
S11,97,32,28.2,22.8,0,3.3,20180216,New,2,16,madrugada,0,short.argus,16,2.197224577
S11,97,32,28.2,22.8,0,3.3,20180216,New,2,16,morning,0,long.argus,1,2.197224577
S18,97,32,28.2,22.8,0,3.3,20180216,New,2,16,morning,0,long.argus,2,2.197224577
S18,97,32,28.2,22.8,0,3.3,20180216,New,2,16,morning,0,short.argus,11,2.197224577
S20,97,32,28.2,22.8,0,3.3,20180216,New,2,16,morning,0,long.argus,1,2.197224577
S20,97,32,28.2,22.8,0,3.3,20180216,New,2,16,morning,0,short.argus,10,2.197224577
S14,97,32,28.2,22.8,0,3.3,20180216,New,2,16,morning,0,short.argus,3,2.197224577
S11,98,31.6,4.5,24.1,18.8,7.5,20180316,New,3,16,afternoon,0,long.argus,2,1.386294361
S11,98,31.6,4.5,24.1,18.8,7.5,20180316,New,3,16,afternoon,0,short.argus,1,1.386294361
S17,98,31.6,4.5,24.1,18.8,7.5,20180316,New,3,16,afternoon,0,long.argus,1,1.386294361
S18,98,31.6,4.5,24.1,18.8,7.5,20180316,New,3,16,afternoon,0,long.argus,1,1.386294361
S17,98,31.6,4.5,24.1,18.8,7.5,20180316,New,3,16,madrugada,0,long.argus,2,1.386294361
S11,98,31.6,4.5,24.1,18.8,7.5,20180316,New,3,16,morning,0,long.argus,4,1.386294361
S11,98,31.6,4.5,24.1,18.8,7.5,20180316,New,3,16,morning,0,short.argus,1,1.386294361
S12,98,31.6,4.5,24.1,18.8,7.5,20180316,New,3,16,morning,0,long.argus,1,1.386294361
S18,98,31.6,4.5,24.1,18.8,7.5,20180316,New,3,16,morning,0,long.argus,1,1.386294361
S13,89,30.5,4.9,22.8,0,3.4,20180416,New,4,16,afternoon,0,long.argus,1,1.386294361
S19,89,30.5,4.9,22.8,0,3.4,20180416,New,4,16,afternoon,0,long.argus,1,1.386294361
S19,89,30.5,4.9,22.8,0,3.4,20180416,New,4,16,madrugada,0,short.argus,1,1.386294361
S12,89,30.5,4.9,22.8,0,3.4,20180416,New,4,16,morning,0,long.argus,1,1.386294361
S15,89,30.5,4.9,22.8,0,3.4,20180416,New,4,16,morning,0,long.argus,3,1.386294361
S19,92,32,0.5,24.1,0,5.5,20180516,New,5,16,afternoon,0,long.argus,2,0
S16,98,31.6,1.3,23.2,28.2,5.9,20180217,New,2,17,afternoon,1,long.argus,1,2.197224577
S16,98,31.6,1.3,23.2,28.2,5.9,20180217,New,2,17,afternoon,1,short.argus,2,2.197224577
S17,98,31.6,1.3,23.2,28.2,5.9,20180217,New,2,17,afternoon,1,long.argus,1,2.197224577
S17,98,31.6,1.3,23.2,28.2,5.9,20180217,New,2,17,afternoon,1,short.argus,2,2.197224577
S18,98,31.6,1.3,23.2,28.2,5.9,20180217,New,2,17,afternoon,1,long.argus,1,2.197224577
S13,98,31.6,1.3,23.2,28.2,5.9,20180217,New,2,17,evening,1,long.argus,1,2.197224577
S15,98,31.6,1.3,23.2,28.2,5.9,20180217,New,2,17,evening,1,long.argus,1,2.197224577
S16,98,31.6,1.3,23.2,28.2,5.9,20180217,New,2,17,evening,1,long.argus,2,2.197224577
S17,98,31.6,1.3,23.2,28.2,5.9,20180217,New,2,17,evening,1,long.argus,1,2.197224577
S18,98,31.6,1.3,23.2,28.2,5.9,20180217,New,2,17,evening,1,long.argus,1,2.197224577
S14,98,31.6,1.3,23.2,28.2,5.9,20180217,New,2,17,madrugada,0,long.argus,2,2.197224577
S14,98,31.6,1.3,23.2,28.2,5.9,20180217,New,2,17,madrugada,0,short.argus,2,2.197224577
S18,98,31.6,1.3,23.2,28.2,5.9,20180217,New,2,17,madrugada,0,long.argus,2,2.197224577
S19,98,31.6,1.3,23.2,28.2,5.9,20180217,New,2,17,madrugada,0,long.argus,1,2.197224577
S11,98,31.6,1.3,23.2,28.2,5.9,20180217,New,2,17,morning,0,long.argus,1,2.197224577
S11,98,31.6,1.3,23.2,28.2,5.9,20180217,New,2,17,morning,0,short.argus,7,2.197224577
S14,98,31.6,1.3,23.2,28.2,5.9,20180217,New,2,17,morning,0,long.argus,1,2.197224577
S14,98,31.6,1.3,23.2,28.2,5.9,20180217,New,2,17,morning,0,short.argus,14,2.197224577
S17,98,31.6,1.3,23.2,28.2,5.9,20180217,New,2,17,morning,0,long.argus,1,2.197224577
S17,98,31.6,1.3,23.2,28.2,5.9,20180217,New,2,17,morning,0,short.argus,1,2.197224577
S18,98,31.6,1.3,23.2,28.2,5.9,20180217,New,2,17,morning,0,long.argus,2,2.197224577
S18,98,31.6,1.3,23.2,28.2,5.9,20180217,New,2,17,morning,0,short.argus,6,2.197224577
S20,98,31.6,1.3,23.2,28.2,5.9,20180217,New,2,17,morning,0,long.argus,1,2.197224577
S20,98,31.6,1.3,23.2,28.2,5.9,20180217,New,2,17,morning,0,short.argus,3,2.197224577
S12,97,31.9,0,23.8,4.5,8.8,20180317,New,3,17,afternoon,0,long.argus,1,1.791759469
S17,97,31.9,0,23.8,4.5,8.8,20180317,New,3,17,afternoon,0,long.argus,1,1.791759469
S18,97,31.9,0,23.8,4.5,8.8,20180317,New,3,17,afternoon,0,long.argus,2,1.791759469
S19,97,31.9,0,23.8,4.5,8.8,20180317,New,3,17,afternoon,0,long.argus,1,1.791759469
S11,97,31.9,0,23.8,4.5,8.8,20180317,New,3,17,afternoon,0,short.argus,1,1.791759469
S11,97,31.9,0,23.8,4.5,8.8,20180317,New,3,17,evening,0,long.argus,1,1.791759469
S11,97,31.9,0,23.8,4.5,8.8,20180317,New,3,17,evening,0,short.argus,1,1.791759469
S12,97,31.9,0,23.8,4.5,8.8,20180317,New,3,17,evening,0,long.argus,2,1.791759469
S17,97,31.9,0,23.8,4.5,8.8,20180317,New,3,17,evening,0,long.argus,1,1.791759469
S18,97,31.9,0,23.8,4.5,8.8,20180317,New,3,17,evening,0,long.argus,2,1.791759469
S18,97,31.9,0,23.8,4.5,8.8,20180317,New,3,17,evening,0,short.argus,2,1.791759469
S18,97,31.9,0,23.8,4.5,8.8,20180317,New,3,17,madrugada,1,long.argus,3,1.791759469
S11,97,31.9,0,23.8,4.5,8.8,20180317,New,3,17,madrugada,1,short.argus,1,1.791759469
S11,97,31.9,0,23.8,4.5,8.8,20180317,New,3,17,morning,0,long.argus,4,1.791759469
S11,97,31.9,0,23.8,4.5,8.8,20180317,New,3,17,morning,0,short.argus,4,1.791759469
S12,97,31.9,0,23.8,4.5,8.8,20180317,New,3,17,morning,0,long.argus,1,1.791759469
S17,97,31.9,0,23.8,4.5,8.8,20180317,New,3,17,morning,0,long.argus,1,1.791759469
S17,97,31.9,0,23.8,4.5,8.8,20180317,New,3,17,morning,0,short.argus,1,1.791759469
S18,97,31.9,0,23.8,4.5,8.8,20180317,New,3,17,morning,0,long.argus,1,1.791759469
S19,97,31.9,0,23.8,4.5,8.8,20180317,New,3,17,morning,0,long.argus,2,1.791759469
S20,97,31.9,0,23.8,4.5,8.8,20180317,New,3,17,morning,0,short.argus,3,1.791759469
S19,92,32.1,0,24.5,0.5,7,20180517,New,5,17,afternoon,0,long.argus,1,0
S19,92,32.1,0,24.5,0.5,7,20180517,New,5,17,morning,0,long.argus,1,0
S18,86,32.3,0,23.5,1.3,7.7,20180218,New,2,18,afternoon,0,long.argus,2,1.609437912
S17,86,32.3,0,23.5,1.3,7.7,20180218,New,2,18,evening,0,long.argus,1,1.609437912
S18,86,32.3,0,23.5,1.3,7.7,20180218,New,2,18,evening,0,long.argus,2,1.609437912
S11,86,32.3,0,23.5,1.3,7.7,20180218,New,2,18,madrugada,0,long.argus,1,1.609437912
S14,86,32.3,0,23.5,1.3,7.7,20180218,New,2,18,madrugada,0,long.argus,2,1.609437912
S18,86,32.3,0,23.5,1.3,7.7,20180218,New,2,18,madrugada,0,long.argus,1,1.609437912
S11,86,32.3,0,23.5,1.3,7.7,20180218,New,2,18,morning,0,long.argus,2,1.609437912
S11,86,32.3,0,23.5,1.3,7.7,20180218,New,2,18,morning,0,short.argus,11,1.609437912
S17,86,32.3,0,23.5,1.3,7.7,20180218,New,2,18,morning,0,long.argus,3,1.609437912
S17,86,32.3,0,23.5,1.3,7.7,20180218,New,2,18,morning,0,short.argus,4,1.609437912
S18,86,32.3,0,23.5,1.3,7.7,20180218,New,2,18,morning,0,long.argus,4,1.609437912
S18,86,32.3,0,23.5,1.3,7.7,20180218,New,2,18,morning,0,short.argus,14,1.609437912
S20,86,32.3,0,23.5,1.3,7.7,20180218,New,2,18,morning,0,long.argus,1,1.609437912
S20,86,32.3,0,23.5,1.3,7.7,20180218,New,2,18,morning,0,short.argus,8,1.609437912
S14,86,32.3,0,23.5,1.3,7.7,20180218,New,2,18,morning,0,short.argus,1,1.609437912
S19,98,30.4,5.5,23.5,17.2,0,20180418,New,4,18,afternoon,0,long.argus,1,0.693147181
S19,98,30.4,5.5,23.5,17.2,0,20180418,New,4,18,afternoon,0,short.argus,1,0.693147181
S12,98,30.4,5.5,23.5,17.2,0,20180418,New,4,18,morning,0,long.argus,1,0.693147181
S17,96,32.4,1.2,24.1,0,7.8,20180219,New,2,19,afternoon,0,long.argus,1,2.079441542
S19,96,32.4,1.2,24.1,0,7.8,20180219,New,2,19,afternoon,0,long.argus,1,2.079441542
S16,96,32.4,1.2,24.1,0,7.8,20180219,New,2,19,afternoon,0,short.argus,2,2.079441542
S11,96,32.4,1.2,24.1,0,7.8,20180219,New,2,19,evening,0,long.argus,1,2.079441542
S12,96,32.4,1.2,24.1,0,7.8,20180219,New,2,19,evening,0,long.argus,2,2.079441542
S18,96,32.4,1.2,24.1,0,7.8,20180219,New,2,19,evening,0,long.argus,4,2.079441542
S19,96,32.4,1.2,24.1,0,7.8,20180219,New,2,19,evening,0,long.argus,1,2.079441542
S19,96,32.4,1.2,24.1,0,7.8,20180219,New,2,19,evening,0,short.argus,1,2.079441542
S16,96,32.4,1.2,24.1,0,7.8,20180219,New,2,19,evening,0,short.argus,2,2.079441542
S11,96,32.4,1.2,24.1,0,7.8,20180219,New,2,19,madrugada,0,long.argus,2,2.079441542
S17,96,32.4,1.2,24.1,0,7.8,20180219,New,2,19,madrugada,0,long.argus,3,2.079441542
S11,96,32.4,1.2,24.1,0,7.8,20180219,New,2,19,morning,0,long.argus,1,2.079441542
S11,96,32.4,1.2,24.1,0,7.8,20180219,New,2,19,morning,0,short.argus,38,2.079441542
S17,96,32.4,1.2,24.1,0,7.8,20180219,New,2,19,morning,0,long.argus,3,2.079441542
S17,96,32.4,1.2,24.1,0,7.8,20180219,New,2,19,morning,0,short.argus,2,2.079441542
S18,96,32.4,1.2,24.1,0,7.8,20180219,New,2,19,morning,0,long.argus,1,2.079441542
S18,96,32.4,1.2,24.1,0,7.8,20180219,New,2,19,morning,0,short.argus,4,2.079441542
S20,96,32.4,1.2,24.1,0,7.8,20180219,New,2,19,morning,0,long.argus,1,2.079441542
S20,96,32.4,1.2,24.1,0,7.8,20180219,New,2,19,morning,0,short.argus,7,2.079441542
S14,96,32.4,1.2,24.1,0,7.8,20180219,New,2,19,morning,0,short.argus,2,2.079441542
S12,98,30.8,19.3,23.5,1.5,3.9,20180319,New,3,19,afternoon,1,long.argus,4,1.609437912
S16,98,30.8,19.3,23.5,1.5,3.9,20180319,New,3,19,evening,0,long.argus,2,1.609437912
S11,98,30.8,19.3,23.5,1.5,3.9,20180319,New,3,19,madrugada,0,long.argus,1,1.609437912
S11,98,30.8,19.3,23.5,1.5,3.9,20180319,New,3,19,madrugada,0,short.argus,1,1.609437912
S17,98,30.8,19.3,23.5,1.5,3.9,20180319,New,3,19,madrugada,0,long.argus,1,1.609437912
S11,98,30.8,19.3,23.5,1.5,3.9,20180319,New,3,19,morning,1,long.argus,1,1.609437912
S12,98,30.8,19.3,23.5,1.5,3.9,20180319,New,3,19,morning,1,long.argus,2,1.609437912
S16,98,30.8,19.3,23.5,1.5,3.9,20180319,New,3,19,morning,1,long.argus,1,1.609437912
S18,98,30.8,19.3,23.5,1.5,3.9,20180319,New,3,19,morning,1,long.argus,1,1.609437912
S18,98,30.8,19.3,23.5,1.5,3.9,20180319,New,3,19,morning,1,short.argus,5,1.609437912
S17,95,31.1,0,23.8,1.2,1.9,20180220,Waxing,2,20,afternoon,0,long.argus,2,2.197224577
S17,95,31.1,0,23.8,1.2,1.9,20180220,Waxing,2,20,afternoon,0,short.argus,1,2.197224577
S19,95,31.1,0,23.8,1.2,1.9,20180220,Waxing,2,20,afternoon,0,long.argus,2,2.197224577
S18,95,31.1,0,23.8,1.2,1.9,20180220,Waxing,2,20,afternoon,0,short.argus,1,2.197224577
S13,95,31.1,0,23.8,1.2,1.9,20180220,Waxing,2,20,evening,0,long.argus,1,2.197224577
S16,95,31.1,0,23.8,1.2,1.9,20180220,Waxing,2,20,evening,0,long.argus,1,2.197224577
S16,95,31.1,0,23.8,1.2,1.9,20180220,Waxing,2,20,evening,0,short.argus,1,2.197224577
S17,95,31.1,0,23.8,1.2,1.9,20180220,Waxing,2,20,evening,0,long.argus,1,2.197224577
S19,95,31.1,0,23.8,1.2,1.9,20180220,Waxing,2,20,evening,0,long.argus,1,2.197224577
S11,95,31.1,0,23.8,1.2,1.9,20180220,Waxing,2,20,morning,0,long.argus,1,2.197224577
S11,95,31.1,0,23.8,1.2,1.9,20180220,Waxing,2,20,morning,0,short.argus,5,2.197224577
S12,95,31.1,0,23.8,1.2,1.9,20180220,Waxing,2,20,morning,0,long.argus,1,2.197224577
S14,95,31.1,0,23.8,1.2,1.9,20180220,Waxing,2,20,morning,0,long.argus,1,2.197224577
S14,95,31.1,0,23.8,1.2,1.9,20180220,Waxing,2,20,morning,0,short.argus,17,2.197224577
S17,95,31.1,0,23.8,1.2,1.9,20180220,Waxing,2,20,morning,0,long.argus,3,2.197224577
S17,95,31.1,0,23.8,1.2,1.9,20180220,Waxing,2,20,morning,0,short.argus,3,2.197224577
S18,95,31.1,0,23.8,1.2,1.9,20180220,Waxing,2,20,morning,0,long.argus,4,2.197224577
S18,95,31.1,0,23.8,1.2,1.9,20180220,Waxing,2,20,morning,0,short.argus,32,2.197224577
S20,95,31.1,0,23.8,1.2,1.9,20180220,Waxing,2,20,morning,0,short.argus,20,2.197224577
S12,96,32.3,3.3,23.8,19.3,4.9,20180320,New,3,20,afternoon,1,long.argus,2,1.945910149
S12,96,32.3,3.3,23.8,19.3,4.9,20180320,New,3,20,afternoon,1,short.argus,1,1.945910149
S11,96,32.3,3.3,23.8,19.3,4.9,20180320,New,3,20,afternoon,1,short.argus,2,1.945910149
S16,96,32.3,3.3,23.8,19.3,4.9,20180320,New,3,20,afternoon,1,short.argus,1,1.945910149
S15,96,32.3,3.3,23.8,19.3,4.9,20180320,New,3,20,evening,0,long.argus,1,1.945910149
S16,96,32.3,3.3,23.8,19.3,4.9,20180320,New,3,20,evening,0,long.argus,3,1.945910149
S18,96,32.3,3.3,23.8,19.3,4.9,20180320,New,3,20,evening,0,long.argus,2,1.945910149
S19,96,32.3,3.3,23.8,19.3,4.9,20180320,New,3,20,evening,0,long.argus,1,1.945910149
S12,96,32.3,3.3,23.8,19.3,4.9,20180320,New,3,20,madrugada,0,long.argus,2,1.945910149
S17,96,32.3,3.3,23.8,19.3,4.9,20180320,New,3,20,madrugada,0,long.argus,1,1.945910149
S18,96,32.3,3.3,23.8,19.3,4.9,20180320,New,3,20,madrugada,0,long.argus,1,1.945910149
S11,96,32.3,3.3,23.8,19.3,4.9,20180320,New,3,20,madrugada,0,short.argus,1,1.945910149
S11,96,32.3,3.3,23.8,19.3,4.9,20180320,New,3,20,morning,1,long.argus,4,1.945910149
S11,96,32.3,3.3,23.8,19.3,4.9,20180320,New,3,20,morning,1,short.argus,5,1.945910149
S17,96,32.3,3.3,23.8,19.3,4.9,20180320,New,3,20,morning,1,long.argus,1,1.945910149
S18,96,32.3,3.3,23.8,19.3,4.9,20180320,New,3,20,morning,1,long.argus,1,1.945910149
S18,96,32.3,3.3,23.8,19.3,4.9,20180320,New,3,20,morning,1,short.argus,4,1.945910149
S10,94,33.3,0,23.1,1.4,8.1,20180620,Waxing,6,20,afternoon,0,long.argus,1,0
S10,94,33.3,0,23.1,1.4,8.1,20180620,Waxing,6,20,madrugada,0,long.argus,2,0
S10,94,33.3,0,23.1,1.4,8.1,20180620,Waxing,6,20,madrugada,0,short.argus,1,0
S14,96,31.5,0.7,24.1,0,5.3,20180221,Waxing,2,21,afternoon,1,long.argus,2,2.197224577
S14,96,31.5,0.7,24.1,0,5.3,20180221,Waxing,2,21,afternoon,1,short.argus,3,2.197224577
S16,96,31.5,0.7,24.1,0,5.3,20180221,Waxing,2,21,afternoon,1,long.argus,1,2.197224577
S20,96,31.5,0.7,24.1,0,5.3,20180221,Waxing,2,21,afternoon,1,short.argus,7,2.197224577
S13,96,31.5,0.7,24.1,0,5.3,20180221,Waxing,2,21,evening,0,long.argus,1,2.197224577
S14,96,31.5,0.7,24.1,0,5.3,20180221,Waxing,2,21,evening,0,long.argus,1,2.197224577
S14,96,31.5,0.7,24.1,0,5.3,20180221,Waxing,2,21,evening,0,short.argus,2,2.197224577
S16,96,31.5,0.7,24.1,0,5.3,20180221,Waxing,2,21,evening,0,long.argus,1,2.197224577
S16,96,31.5,0.7,24.1,0,5.3,20180221,Waxing,2,21,evening,0,short.argus,1,2.197224577
S18,96,31.5,0.7,24.1,0,5.3,20180221,Waxing,2,21,evening,0,long.argus,2,2.197224577
S18,96,31.5,0.7,24.1,0,5.3,20180221,Waxing,2,21,evening,0,short.argus,1,2.197224577
S19,96,31.5,0.7,24.1,0,5.3,20180221,Waxing,2,21,evening,0,long.argus,1,2.197224577
S18,96,31.5,0.7,24.1,0,5.3,20180221,Waxing,2,21,madrugada,0,long.argus,3,2.197224577
S18,96,31.5,0.7,24.1,0,5.3,20180221,Waxing,2,21,madrugada,0,short.argus,1,2.197224577
S19,96,31.5,0.7,24.1,0,5.3,20180221,Waxing,2,21,madrugada,0,long.argus,1,2.197224577
S15,96,31.5,0.7,24.1,0,5.3,20180221,Waxing,2,21,morning,0,long.argus,2,2.197224577
S17,96,31.5,0.7,24.1,0,5.3,20180221,Waxing,2,21,morning,0,long.argus,3,2.197224577
S17,96,31.5,0.7,24.1,0,5.3,20180221,Waxing,2,21,morning,0,short.argus,11,2.197224577
S18,96,31.5,0.7,24.1,0,5.3,20180221,Waxing,2,21,morning,0,long.argus,3,2.197224577
S18,96,31.5,0.7,24.1,0,5.3,20180221,Waxing,2,21,morning,0,short.argus,20,2.197224577
S19,96,31.5,0.7,24.1,0,5.3,20180221,Waxing,2,21,morning,0,long.argus,2,2.197224577
S11,96,31.5,0.7,24.1,0,5.3,20180221,Waxing,2,21,morning,0,short.argus,10,2.197224577
S14,96,31.5,0.7,24.1,0,5.3,20180221,Waxing,2,21,morning,0,short.argus,8,2.197224577
S20,96,31.5,0.7,24.1,0,5.3,20180221,Waxing,2,21,morning,0,short.argus,2,2.197224577
S11,98,29.2,3.9,23.8,3.3,1.6,20180321,Waxing,3,21,afternoon,1,long.argus,3,1.791759469
S11,98,29.2,3.9,23.8,3.3,1.6,20180321,Waxing,3,21,afternoon,1,short.argus,3,1.791759469
S18,98,29.2,3.9,23.8,3.3,1.6,20180321,Waxing,3,21,afternoon,1,long.argus,1,1.791759469
S18,98,29.2,3.9,23.8,3.3,1.6,20180321,Waxing,3,21,afternoon,1,short.argus,1,1.791759469
S16,98,29.2,3.9,23.8,3.3,1.6,20180321,Waxing,3,21,afternoon,1,short.argus,1,1.791759469
S16,98,29.2,3.9,23.8,3.3,1.6,20180321,Waxing,3,21,evening,0,short.argus,2,1.791759469
S12,98,29.2,3.9,23.8,3.3,1.6,20180321,Waxing,3,21,madrugada,1,long.argus,1,1.791759469
S17,98,29.2,3.9,23.8,3.3,1.6,20180321,Waxing,3,21,madrugada,1,long.argus,2,1.791759469
S19,98,29.2,3.9,23.8,3.3,1.6,20180321,Waxing,3,21,madrugada,1,long.argus,1,1.791759469
S16,98,29.2,3.9,23.8,3.3,1.6,20180321,Waxing,3,21,madrugada,1,short.argus,1,1.791759469
S11,98,29.2,3.9,23.8,3.3,1.6,20180321,Waxing,3,21,morning,1,long.argus,2,1.791759469
S11,98,29.2,3.9,23.8,3.3,1.6,20180321,Waxing,3,21,morning,1,short.argus,2,1.791759469
S17,98,29.2,3.9,23.8,3.3,1.6,20180321,Waxing,3,21,morning,1,long.argus,2,1.791759469
S18,98,29.2,3.9,23.8,3.3,1.6,20180321,Waxing,3,21,morning,1,long.argus,3,1.791759469
S18,98,29.2,3.9,23.8,3.3,1.6,20180321,Waxing,3,21,morning,1,short.argus,7,1.791759469
S11,97,30.4,0,23.8,0.7,2.3,20180222,Waxing,2,22,afternoon,0,long.argus,2,2.197224577
S11,97,30.4,0,23.8,0.7,2.3,20180222,Waxing,2,22,afternoon,0,short.argus,14,2.197224577
S12,97,30.4,0,23.8,0.7,2.3,20180222,Waxing,2,22,afternoon,0,long.argus,1,2.197224577
S13,97,30.4,0,23.8,0.7,2.3,20180222,Waxing,2,22,afternoon,0,long.argus,1,2.197224577
S16,97,30.4,0,23.8,0.7,2.3,20180222,Waxing,2,22,afternoon,0,long.argus,1,2.197224577
S17,97,30.4,0,23.8,0.7,2.3,20180222,Waxing,2,22,afternoon,0,long.argus,1,2.197224577
S17,97,30.4,0,23.8,0.7,2.3,20180222,Waxing,2,22,afternoon,0,short.argus,1,2.197224577
S18,97,30.4,0,23.8,0.7,2.3,20180222,Waxing,2,22,afternoon,0,long.argus,3,2.197224577
S18,97,30.4,0,23.8,0.7,2.3,20180222,Waxing,2,22,afternoon,0,short.argus,3,2.197224577
S19,97,30.4,0,23.8,0.7,2.3,20180222,Waxing,2,22,afternoon,0,long.argus,2,2.197224577
S18,97,30.4,0,23.8,0.7,2.3,20180222,Waxing,2,22,madrugada,0,long.argus,3,2.197224577
S12,97,30.4,0,23.8,0.7,2.3,20180222,Waxing,2,22,morning,0,long.argus,2,2.197224577
S17,97,30.4,0,23.8,0.7,2.3,20180222,Waxing,2,22,morning,0,long.argus,6,2.197224577
S17,97,30.4,0,23.8,0.7,2.3,20180222,Waxing,2,22,morning,0,short.argus,16,2.197224577
S18,97,30.4,0,23.8,0.7,2.3,20180222,Waxing,2,22,morning,0,long.argus,2,2.197224577
S18,97,30.4,0,23.8,0.7,2.3,20180222,Waxing,2,22,morning,0,short.argus,30,2.197224577
S11,97,30.4,0,23.8,0.7,2.3,20180222,Waxing,2,22,morning,0,short.argus,11,2.197224577
S14,97,30.4,0,23.8,0.7,2.3,20180222,Waxing,2,22,morning,0,short.argus,1,2.197224577
S20,97,30.4,0,23.8,0.7,2.3,20180222,Waxing,2,22,morning,0,short.argus,1,2.197224577
S11,98,31.5,3.4,23.9,3.9,5.3,20180322,Waxing,3,22,afternoon,1,long.argus,2,1.609437912
S11,98,31.5,3.4,23.9,3.9,5.3,20180322,Waxing,3,22,afternoon,1,short.argus,1,1.609437912
S16,98,31.5,3.4,23.9,3.9,5.3,20180322,Waxing,3,22,evening,1,short.argus,1,1.609437912
S17,98,31.5,3.4,23.9,3.9,5.3,20180322,Waxing,3,22,madrugada,0,long.argus,1,1.609437912
S18,98,31.5,3.4,23.9,3.9,5.3,20180322,Waxing,3,22,madrugada,0,long.argus,2,1.609437912
S18,98,31.5,3.4,23.9,3.9,5.3,20180322,Waxing,3,22,madrugada,0,short.argus,2,1.609437912
S11,98,31.5,3.4,23.9,3.9,5.3,20180322,Waxing,3,22,madrugada,0,short.argus,1,1.609437912
S16,98,31.5,3.4,23.9,3.9,5.3,20180322,Waxing,3,22,madrugada,0,short.argus,1,1.609437912
S11,98,31.5,3.4,23.9,3.9,5.3,20180322,Waxing,3,22,morning,0,long.argus,2,1.609437912
S11,98,31.5,3.4,23.9,3.9,5.3,20180322,Waxing,3,22,morning,0,short.argus,6,1.609437912
S12,98,31.5,3.4,23.9,3.9,5.3,20180322,Waxing,3,22,morning,0,long.argus,3,1.609437912
S17,98,31.5,3.4,23.9,3.9,5.3,20180322,Waxing,3,22,morning,0,long.argus,2,1.609437912
S17,98,31.5,3.4,23.9,3.9,5.3,20180322,Waxing,3,22,morning,0,short.argus,1,1.609437912
S18,98,31.5,3.4,23.9,3.9,5.3,20180322,Waxing,3,22,morning,0,long.argus,3,1.609437912
S18,98,31.5,3.4,23.9,3.9,5.3,20180322,Waxing,3,22,morning,0,short.argus,7,1.609437912
S10,91,31.9,0,23.5,39.7,0.8,20180622,Waxing,6,22,afternoon,0,short.argus,1,0.693147181
S19,91,31.9,0,23.5,39.7,0.8,20180622,Waxing,6,22,evening,0,long.argus,2,0.693147181
S11,97,30.8,9.5,23.2,0,5.6,20180223,Waxing,2,23,afternoon,1,long.argus,1,1.791759469
S17,97,30.8,9.5,23.2,0,5.6,20180223,Waxing,2,23,afternoon,1,long.argus,1,1.791759469
S18,97,30.8,9.5,23.2,0,5.6,20180223,Waxing,2,23,evening,1,long.argus,1,1.791759469
S18,97,30.8,9.5,23.2,0,5.6,20180223,Waxing,2,23,madrugada,0,long.argus,4,1.791759469
S11,97,30.8,9.5,23.2,0,5.6,20180223,Waxing,2,23,morning,1,long.argus,1,1.791759469
S12,97,30.8,9.5,23.2,0,5.6,20180223,Waxing,2,23,morning,1,long.argus,1,1.791759469
S17,97,30.8,9.5,23.2,0,5.6,20180223,Waxing,2,23,morning,1,long.argus,3,1.791759469
S17,97,30.8,9.5,23.2,0,5.6,20180223,Waxing,2,23,morning,1,short.argus,4,1.791759469
S14,97,30.8,9.5,23.2,0,5.6,20180223,Waxing,2,23,morning,1,short.argus,5,1.791759469
S18,97,30.8,9.5,23.2,0,5.6,20180223,Waxing,2,23,morning,1,short.argus,19,1.791759469
S20,97,30.8,9.5,23.2,0,5.6,20180223,Waxing,2,23,morning,1,short.argus,5,1.791759469
S11,97,30.1,2.7,23.2,3.4,3.6,20180323,Waxing,3,23,afternoon,1,long.argus,1,1.609437912
S11,97,30.1,2.7,23.2,3.4,3.6,20180323,Waxing,3,23,afternoon,1,short.argus,5,1.609437912
S11,97,30.1,2.7,23.2,3.4,3.6,20180323,Waxing,3,23,madrugada,1,long.argus,2,1.609437912
S18,97,30.1,2.7,23.2,3.4,3.6,20180323,Waxing,3,23,madrugada,1,long.argus,2,1.609437912
S11,97,30.1,2.7,23.2,3.4,3.6,20180323,Waxing,3,23,morning,1,long.argus,6,1.609437912
S11,97,30.1,2.7,23.2,3.4,3.6,20180323,Waxing,3,23,morning,1,short.argus,6,1.609437912
S12,97,30.1,2.7,23.2,3.4,3.6,20180323,Waxing,3,23,morning,1,long.argus,2,1.609437912
S17,97,30.1,2.7,23.2,3.4,3.6,20180323,Waxing,3,23,morning,1,long.argus,1,1.609437912
S18,97,30.1,2.7,23.2,3.4,3.6,20180323,Waxing,3,23,morning,1,long.argus,2,1.609437912
S18,97,30.1,2.7,23.2,3.4,3.6,20180323,Waxing,3,23,morning,1,short.argus,2,1.609437912
S19,97,30.1,2.7,23.2,3.4,3.6,20180323,Waxing,3,23,morning,1,long.argus,1,1.609437912
S19,97,32.5,0.7,22.8,0,5.1,20180623,Waxing,6,23,afternoon,0,long.argus,2,0.693147181
S10,97,32.5,0.7,22.8,0,5.1,20180623,Waxing,6,23,afternoon,0,short.argus,1,0.693147181
S19,97,32.5,0.7,22.8,0,5.1,20180623,Waxing,6,23,evening,0,long.argus,1,0.693147181
S19,97,32.5,0.7,22.8,0,5.1,20180623,Waxing,6,23,madrugada,1,long.argus,2,0.693147181
S17,97,30.4,23.3,23,9.5,4,20180224,Waxing,2,24,afternoon,1,long.argus,1,1.945910149
S11,97,30.4,23.3,23,9.5,4,20180224,Waxing,2,24,madrugada,0,long.argus,2,1.945910149
S17,97,30.4,23.3,23,9.5,4,20180224,Waxing,2,24,madrugada,0,long.argus,3,1.945910149
S18,97,30.4,23.3,23,9.5,4,20180224,Waxing,2,24,madrugada,0,long.argus,1,1.945910149
S19,97,30.4,23.3,23,9.5,4,20180224,Waxing,2,24,madrugada,0,long.argus,2,1.945910149
S11,97,30.4,23.3,23,9.5,4,20180224,Waxing,2,24,morning,1,long.argus,2,1.945910149
S11,97,30.4,23.3,23,9.5,4,20180224,Waxing,2,24,morning,1,short.argus,47,1.945910149
S12,97,30.4,23.3,23,9.5,4,20180224,Waxing,2,24,morning,1,long.argus,1,1.945910149
S14,97,30.4,23.3,23,9.5,4,20180224,Waxing,2,24,morning,1,long.argus,4,1.945910149
S14,97,30.4,23.3,23,9.5,4,20180224,Waxing,2,24,morning,1,short.argus,17,1.945910149
S17,97,30.4,23.3,23,9.5,4,20180224,Waxing,2,24,morning,1,long.argus,5,1.945910149
S17,97,30.4,23.3,23,9.5,4,20180224,Waxing,2,24,morning,1,short.argus,14,1.945910149
S18,97,30.4,23.3,23,9.5,4,20180224,Waxing,2,24,morning,1,long.argus,3,1.945910149
S18,97,30.4,23.3,23,9.5,4,20180224,Waxing,2,24,morning,1,short.argus,17,1.945910149
S19,97,30.4,23.3,23,9.5,4,20180224,Waxing,2,24,morning,1,long.argus,1,1.945910149
S20,97,30.4,23.3,23,9.5,4,20180224,Waxing,2,24,morning,1,short.argus,8,1.945910149
S11,98,30.8,25.4,23.5,2.7,4.9,20180324,Waxing,3,24,afternoon,1,long.argus,1,1.609437912
S11,98,30.8,25.4,23.5,2.7,4.9,20180324,Waxing,3,24,afternoon,1,short.argus,1,1.609437912
S17,98,30.8,25.4,23.5,2.7,4.9,20180324,Waxing,3,24,afternoon,1,long.argus,1,1.609437912
S12,98,30.8,25.4,23.5,2.7,4.9,20180324,Waxing,3,24,madrugada,1,long.argus,1,1.609437912
S18,98,30.8,25.4,23.5,2.7,4.9,20180324,Waxing,3,24,madrugada,1,long.argus,1,1.609437912
S18,98,30.8,25.4,23.5,2.7,4.9,20180324,Waxing,3,24,madrugada,1,short.argus,1,1.609437912
S19,98,30.8,25.4,23.5,2.7,4.9,20180324,Waxing,3,24,madrugada,1,long.argus,1,1.609437912
S11,98,30.8,25.4,23.5,2.7,4.9,20180324,Waxing,3,24,madrugada,1,short.argus,1,1.609437912
S11,98,30.8,25.4,23.5,2.7,4.9,20180324,Waxing,3,24,morning,0,long.argus,3,1.609437912
S11,98,30.8,25.4,23.5,2.7,4.9,20180324,Waxing,3,24,morning,0,short.argus,4,1.609437912
S12,98,30.8,25.4,23.5,2.7,4.9,20180324,Waxing,3,24,morning,0,long.argus,2,1.609437912
S17,98,30.8,25.4,23.5,2.7,4.9,20180324,Waxing,3,24,morning,0,long.argus,1,1.609437912
S18,98,30.8,25.4,23.5,2.7,4.9,20180324,Waxing,3,24,morning,0,long.argus,2,1.609437912
S18,98,30.8,25.4,23.5,2.7,4.9,20180324,Waxing,3,24,morning,0,short.argus,8,1.609437912
S10,96,33.3,3.1,23.9,0.7,7,20180624,Waxing,6,24,afternoon,0,long.argus,1,0.693147181
S19,96,33.3,3.1,23.9,0.7,7,20180624,Waxing,6,24,madrugada,0,long.argus,2,0.693147181
S19,96,33.3,3.1,23.9,0.7,7,20180624,Waxing,6,24,morning,0,long.argus,2,0.693147181
S13,95,25.4,10.3,23.3,23.3,0,20180225,Waxing,2,25,afternoon,1,long.argus,1,2.079441542
S14,95,25.4,10.3,23.3,23.3,0,20180225,Waxing,2,25,evening,0,long.argus,1,2.079441542
S16,95,25.4,10.3,23.3,23.3,0,20180225,Waxing,2,25,evening,0,long.argus,1,2.079441542
S16,95,25.4,10.3,23.3,23.3,0,20180225,Waxing,2,25,evening,0,short.argus,1,2.079441542
S18,95,25.4,10.3,23.3,23.3,0,20180225,Waxing,2,25,evening,0,long.argus,2,2.079441542
S19,95,25.4,10.3,23.3,23.3,0,20180225,Waxing,2,25,evening,0,long.argus,1,2.079441542
S17,95,25.4,10.3,23.3,23.3,0,20180225,Waxing,2,25,evening,0,short.argus,1,2.079441542
S11,95,25.4,10.3,23.3,23.3,0,20180225,Waxing,2,25,madrugada,1,long.argus,2,2.079441542
S12,95,25.4,10.3,23.3,23.3,0,20180225,Waxing,2,25,madrugada,1,long.argus,1,2.079441542
S18,95,25.4,10.3,23.3,23.3,0,20180225,Waxing,2,25,madrugada,1,long.argus,2,2.079441542
S11,95,25.4,10.3,23.3,23.3,0,20180225,Waxing,2,25,morning,1,long.argus,1,2.079441542
S17,95,25.4,10.3,23.3,23.3,0,20180225,Waxing,2,25,morning,1,long.argus,2,2.079441542
S18,95,25.4,10.3,23.3,23.3,0,20180225,Waxing,2,25,morning,1,long.argus,2,2.079441542
S18,95,25.4,10.3,23.3,23.3,0,20180225,Waxing,2,25,morning,1,short.argus,1,2.079441542
S14,95,25.4,10.3,23.3,23.3,0,20180225,Waxing,2,25,morning,1,short.argus,1,2.079441542
S17,98,29.2,7,23.8,25.4,0.6,20180325,Waxing,3,25,afternoon,1,short.argus,1,1.609437912
S19,98,29.2,7,23.8,25.4,0.6,20180325,Waxing,3,25,evening,1,long.argus,1,1.609437912
S19,98,29.2,7,23.8,25.4,0.6,20180325,Waxing,3,25,evening,1,short.argus,1,1.609437912
S12,98,29.2,7,23.8,25.4,0.6,20180325,Waxing,3,25,madrugada,1,long.argus,1,1.609437912
S17,98,29.2,7,23.8,25.4,0.6,20180325,Waxing,3,25,madrugada,1,long.argus,1,1.609437912
S18,98,29.2,7,23.8,25.4,0.6,20180325,Waxing,3,25,madrugada,1,long.argus,3,1.609437912
S11,98,29.2,7,23.8,25.4,0.6,20180325,Waxing,3,25,madrugada,1,short.argus,3,1.609437912
S11,98,29.2,7,23.8,25.4,0.6,20180325,Waxing,3,25,morning,1,long.argus,2,1.609437912
S11,98,29.2,7,23.8,25.4,0.6,20180325,Waxing,3,25,morning,1,short.argus,2,1.609437912
S12,98,29.2,7,23.8,25.4,0.6,20180325,Waxing,3,25,morning,1,long.argus,3,1.609437912
S18,98,29.2,7,23.8,25.4,0.6,20180325,Waxing,3,25,morning,1,short.argus,11,1.609437912
S11,96,31.2,11,23.1,10.3,6.7,20180226,Waxing,2,26,afternoon,1,long.argus,2,2.079441542
S12,96,31.2,11,23.1,10.3,6.7,20180226,Waxing,2,26,afternoon,1,long.argus,1,2.079441542
S13,96,31.2,11,23.1,10.3,6.7,20180226,Waxing,2,26,afternoon,1,long.argus,1,2.079441542
S14,96,31.2,11,23.1,10.3,6.7,20180226,Waxing,2,26,afternoon,1,long.argus,1,2.079441542
S17,96,31.2,11,23.1,10.3,6.7,20180226,Waxing,2,26,afternoon,1,long.argus,3,2.079441542
S17,96,31.2,11,23.1,10.3,6.7,20180226,Waxing,2,26,afternoon,1,short.argus,1,2.079441542
S18,96,31.2,11,23.1,10.3,6.7,20180226,Waxing,2,26,afternoon,1,short.argus,4,2.079441542
S20,96,31.2,11,23.1,10.3,6.7,20180226,Waxing,2,26,afternoon,1,short.argus,2,2.079441542
S13,96,31.2,11,23.1,10.3,6.7,20180226,Waxing,2,26,madrugada,1,long.argus,2,2.079441542
S18,96,31.2,11,23.1,10.3,6.7,20180226,Waxing,2,26,madrugada,1,long.argus,2,2.079441542
S14,96,31.2,11,23.1,10.3,6.7,20180226,Waxing,2,26,morning,1,long.argus,1,2.079441542
S14,96,31.2,11,23.1,10.3,6.7,20180226,Waxing,2,26,morning,1,short.argus,8,2.079441542
S16,96,31.2,11,23.1,10.3,6.7,20180226,Waxing,2,26,morning,1,long.argus,2,2.079441542
S17,96,31.2,11,23.1,10.3,6.7,20180226,Waxing,2,26,morning,1,long.argus,2,2.079441542
S17,96,31.2,11,23.1,10.3,6.7,20180226,Waxing,2,26,morning,1,short.argus,10,2.079441542
S18,96,31.2,11,23.1,10.3,6.7,20180226,Waxing,2,26,morning,1,long.argus,1,2.079441542
S18,96,31.2,11,23.1,10.3,6.7,20180226,Waxing,2,26,morning,1,short.argus,7,2.079441542
S11,96,31.2,11,23.1,10.3,6.7,20180226,Waxing,2,26,morning,1,short.argus,5,2.079441542
S19,99,25.7,12.3,23.3,7,0,20180326,Waxing,3,26,afternoon,1,long.argus,1,1.098612289
S17,99,25.7,12.3,23.3,7,0,20180326,Waxing,3,26,morning,1,long.argus,2,1.098612289
S11,99,25.7,12.3,23.3,7,0,20180326,Waxing,3,26,morning,1,short.argus,1,1.098612289
S19,98,32,2.1,24.5,0,7,20180426,Waxing,4,26,afternoon,0,long.argus,1,0
S19,98,32,2.1,24.5,0,7,20180426,Waxing,4,26,madrugada,0,long.argus,1,0
S17,97,32.2,0,23,11,7,20180227,Full,2,27,afternoon,0,long.argus,4,1.945910149
S17,97,32.2,0,23,11,7,20180227,Full,2,27,afternoon,0,short.argus,4,1.945910149
S11,97,32.2,0,23,11,7,20180227,Full,2,27,afternoon,0,short.argus,2,1.945910149
S13,97,32.2,0,23,11,7,20180227,Full,2,27,evening,0,long.argus,1,1.945910149
S12,97,32.2,0,23,11,7,20180227,Full,2,27,madrugada,0,long.argus,2,1.945910149
S13,97,32.2,0,23,11,7,20180227,Full,2,27,madrugada,0,long.argus,1,1.945910149
S18,97,32.2,0,23,11,7,20180227,Full,2,27,madrugada,0,long.argus,2,1.945910149
S19,97,32.2,0,23,11,7,20180227,Full,2,27,madrugada,0,long.argus,1,1.945910149
S11,97,32.2,0,23,11,7,20180227,Full,2,27,morning,0,long.argus,3,1.945910149
S11,97,32.2,0,23,11,7,20180227,Full,2,27,morning,0,short.argus,4,1.945910149
S13,97,32.2,0,23,11,7,20180227,Full,2,27,morning,0,long.argus,2,1.945910149
S14,97,32.2,0,23,11,7,20180227,Full,2,27,morning,0,long.argus,1,1.945910149
S14,97,32.2,0,23,11,7,20180227,Full,2,27,morning,0,short.argus,8,1.945910149
S17,97,32.2,0,23,11,7,20180227,Full,2,27,morning,0,long.argus,5,1.945910149
S17,97,32.2,0,23,11,7,20180227,Full,2,27,morning,0,short.argus,18,1.945910149
S18,97,32.2,0,23,11,7,20180227,Full,2,27,morning,0,long.argus,1,1.945910149
S18,97,32.2,0,23,11,7,20180227,Full,2,27,morning,0,short.argus,14,1.945910149
S19,97,32.2,0,23,11,7,20180227,Full,2,27,morning,0,long.argus,2,1.945910149
S17,97,29.4,0,23.9,12.3,0.9,20180327,Waxing,3,27,afternoon,0,long.argus,1,1.609437912
S19,97,29.4,0,23.9,12.3,0.9,20180327,Waxing,3,27,afternoon,0,long.argus,2,1.609437912
S18,97,29.4,0,23.9,12.3,0.9,20180327,Waxing,3,27,afternoon,0,short.argus,1,1.609437912
S11,97,29.4,0,23.9,12.3,0.9,20180327,Waxing,3,27,madrugada,0,long.argus,2,1.609437912
S11,97,29.4,0,23.9,12.3,0.9,20180327,Waxing,3,27,madrugada,0,short.argus,1,1.609437912
S12,97,29.4,0,23.9,12.3,0.9,20180327,Waxing,3,27,madrugada,0,long.argus,1,1.609437912
S12,97,29.4,0,23.9,12.3,0.9,20180327,Waxing,3,27,morning,0,long.argus,1,1.609437912
S17,97,29.4,0,23.9,12.3,0.9,20180327,Waxing,3,27,morning,0,long.argus,3,1.609437912
S17,97,29.4,0,23.9,12.3,0.9,20180327,Waxing,3,27,morning,0,short.argus,1,1.609437912
S18,97,29.4,0,23.9,12.3,0.9,20180327,Waxing,3,27,morning,0,long.argus,3,1.609437912
S18,97,29.4,0,23.9,12.3,0.9,20180327,Waxing,3,27,morning,0,short.argus,4,1.609437912
S19,97,29.4,0,23.9,12.3,0.9,20180327,Waxing,3,27,morning,0,long.argus,2,1.609437912
S10,93,32.4,0.4,23,5.4,6.7,20180627,Full,6,27,afternoon,0,long.argus,1,0
S10,93,32.4,0.4,23,5.4,6.7,20180627,Full,6,27,morning,0,long.argus,2,0
S17,95,33.2,4.8,24.1,0,5.3,20180228,Full,2,28,afternoon,1,long.argus,2,2.079441542
S17,95,33.2,4.8,24.1,0,5.3,20180228,Full,2,28,afternoon,1,short.argus,1,2.079441542
S11,95,33.2,4.8,24.1,0,5.3,20180228,Full,2,28,afternoon,1,short.argus,1,2.079441542
S18,95,33.2,4.8,24.1,0,5.3,20180228,Full,2,28,madrugada,0,long.argus,1,2.079441542
S14,95,33.2,4.8,24.1,0,5.3,20180228,Full,2,28,madrugada,0,short.argus,1,2.079441542
S11,95,33.2,4.8,24.1,0,5.3,20180228,Full,2,28,morning,0,long.argus,3,2.079441542
S11,95,33.2,4.8,24.1,0,5.3,20180228,Full,2,28,morning,0,short.argus,7,2.079441542
S13,95,33.2,4.8,24.1,0,5.3,20180228,Full,2,28,morning,0,long.argus,1,2.079441542
S16,95,33.2,4.8,24.1,0,5.3,20180228,Full,2,28,morning,0,long.argus,1,2.079441542
S17,95,33.2,4.8,24.1,0,5.3,20180228,Full,2,28,morning,0,long.argus,5,2.079441542
S17,95,33.2,4.8,24.1,0,5.3,20180228,Full,2,28,morning,0,short.argus,9,2.079441542
S18,95,33.2,4.8,24.1,0,5.3,20180228,Full,2,28,morning,0,long.argus,3,2.079441542
S18,95,33.2,4.8,24.1,0,5.3,20180228,Full,2,28,morning,0,short.argus,21,2.079441542
S19,95,33.2,4.8,24.1,0,5.3,20180228,Full,2,28,morning,0,long.argus,1,2.079441542
S14,95,33.2,4.8,24.1,0,5.3,20180228,Full,2,28,morning,0,short.argus,6,2.079441542
S20,95,33.2,4.8,24.1,0,5.3,20180228,Full,2,28,morning,0,short.argus,20,2.079441542
S11,94,29.1,7.5,23.3,0,2,20180328,Full,3,28,afternoon,1,long.argus,1,1.609437912
S11,94,29.1,7.5,23.3,0,2,20180328,Full,3,28,afternoon,1,short.argus,1,1.609437912
S11,94,29.1,7.5,23.3,0,2,20180328,Full,3,28,madrugada,1,long.argus,1,1.609437912
S11,94,29.1,7.5,23.3,0,2,20180328,Full,3,28,madrugada,1,short.argus,2,1.609437912
S16,94,29.1,7.5,23.3,0,2,20180328,Full,3,28,madrugada,1,long.argus,1,1.609437912
S18,94,29.1,7.5,23.3,0,2,20180328,Full,3,28,madrugada,1,long.argus,2,1.609437912
S19,94,29.1,7.5,23.3,0,2,20180328,Full,3,28,madrugada,1,long.argus,1,1.609437912
S11,94,29.1,7.5,23.3,0,2,20180328,Full,3,28,morning,1,long.argus,6,1.609437912
S11,94,29.1,7.5,23.3,0,2,20180328,Full,3,28,morning,1,short.argus,5,1.609437912
S16,94,29.1,7.5,23.3,0,2,20180328,Full,3,28,morning,1,long.argus,6,1.609437912
S16,94,29.1,7.5,23.3,0,2,20180328,Full,3,28,morning,1,short.argus,7,1.609437912
S17,94,29.1,7.5,23.3,0,2,20180328,Full,3,28,morning,1,long.argus,2,1.609437912
S18,94,29.1,7.5,23.3,0,2,20180328,Full,3,28,morning,1,short.argus,1,1.609437912
S10,96,32.1,1.5,22.6,0.4,7.5,20180628,Full,6,28,afternoon,0,long.argus,2,0
S10,96,32.1,1.5,22.6,0.4,7.5,20180628,Full,6,28,madrugada,0,long.argus,1,0
S11,94,31.1,33.8,23.3,7.5,4.7,20180329,Full,3,29,afternoon,1,long.argus,2,1.609437912
S11,94,31.1,33.8,23.3,7.5,4.7,20180329,Full,3,29,afternoon,1,short.argus,2,1.609437912
S18,94,31.1,33.8,23.3,7.5,4.7,20180329,Full,3,29,afternoon,1,long.argus,1,1.609437912
S16,94,31.1,33.8,23.3,7.5,4.7,20180329,Full,3,29,madrugada,1,long.argus,2,1.609437912
S18,94,31.1,33.8,23.3,7.5,4.7,20180329,Full,3,29,madrugada,1,long.argus,1,1.609437912
S11,94,31.1,33.8,23.3,7.5,4.7,20180329,Full,3,29,madrugada,1,short.argus,1,1.609437912
S17,94,31.1,33.8,23.3,7.5,4.7,20180329,Full,3,29,madrugada,1,short.argus,1,1.609437912
S11,94,31.1,33.8,23.3,7.5,4.7,20180329,Full,3,29,morning,1,long.argus,3,1.609437912
S11,94,31.1,33.8,23.3,7.5,4.7,20180329,Full,3,29,morning,1,short.argus,4,1.609437912
S12,94,31.1,33.8,23.3,7.5,4.7,20180329,Full,3,29,morning,1,long.argus,2,1.609437912
S18,94,31.1,33.8,23.3,7.5,4.7,20180329,Full,3,29,morning,1,long.argus,2,1.609437912
S18,94,31.1,33.8,23.3,7.5,4.7,20180329,Full,3,29,morning,1,short.argus,8,1.609437912
S17,94,31.1,33.8,23.3,7.5,4.7,20180329,Full,3,29,morning,1,short.argus,1,1.609437912
S11,98,31.1,0,23.3,33.8,5.6,20180330,Full,3,30,afternoon,0,long.argus,2,1.945910149
S13,98,31.1,0,23.3,33.8,5.6,20180330,Full,3,30,afternoon,0,long.argus,1,1.945910149
S18,98,31.1,0,23.3,33.8,5.6,20180330,Full,3,30,evening,0,long.argus,1,1.945910149
S18,98,31.1,0,23.3,33.8,5.6,20180330,Full,3,30,evening,0,short.argus,1,1.945910149
S11,98,31.1,0,23.3,33.8,5.6,20180330,Full,3,30,madrugada,0,long.argus,1,1.945910149
S11,98,31.1,0,23.3,33.8,5.6,20180330,Full,3,30,madrugada,0,short.argus,1,1.945910149
S18,98,31.1,0,23.3,33.8,5.6,20180330,Full,3,30,madrugada,0,long.argus,2,1.945910149
S18,98,31.1,0,23.3,33.8,5.6,20180330,Full,3,30,madrugada,0,short.argus,1,1.945910149
S11,98,31.1,0,23.3,33.8,5.6,20180330,Full,3,30,morning,0,long.argus,2,1.945910149
S11,98,31.1,0,23.3,33.8,5.6,20180330,Full,3,30,morning,0,short.argus,2,1.945910149
S12,98,31.1,0,23.3,33.8,5.6,20180330,Full,3,30,morning,0,long.argus,1,1.945910149
S13,98,31.1,0,23.3,33.8,5.6,20180330,Full,3,30,morning,0,long.argus,1,1.945910149
S16,98,31.1,0,23.3,33.8,5.6,20180330,Full,3,30,morning,0,long.argus,4,1.945910149
S16,98,31.1,0,23.3,33.8,5.6,20180330,Full,3,30,morning,0,short.argus,10,1.945910149
S17,98,31.1,0,23.3,33.8,5.6,20180330,Full,3,30,morning,0,long.argus,3,1.945910149
S18,98,31.1,0,23.3,33.8,5.6,20180330,Full,3,30,morning,0,long.argus,2,1.945910149
S18,98,31.1,0,23.3,33.8,5.6,20180330,Full,3,30,morning,0,short.argus,14,1.945910149
S19,98,31.1,0,23.3,33.8,5.6,20180330,Full,3,30,morning,0,long.argus,1,1.945910149
S11,94,32.3,0,22.2,0,8.3,20180331,Full,3,31,afternoon,0,long.argus,2,1.386294361
S13,94,32.3,0,22.2,0,8.3,20180331,Full,3,31,afternoon,0,long.argus,1,1.386294361
S11,94,32.3,0,22.2,0,8.3,20180331,Full,3,31,evening,0,long.argus,1,1.386294361
S11,94,32.3,0,22.2,0,8.3,20180331,Full,3,31,evening,0,short.argus,1,1.386294361
S12,94,32.3,0,22.2,0,8.3,20180331,Full,3,31,evening,0,long.argus,1,1.386294361
S11,94,32.3,0,22.2,0,8.3,20180331,Full,3,31,madrugada,0,long.argus,3,1.386294361
S11,94,32.3,0,22.2,0,8.3,20180331,Full,3,31,madrugada,0,short.argus,2,1.386294361
S13,94,32.3,0,22.2,0,8.3,20180331,Full,3,31,madrugada,0,long.argus,1,1.386294361
S11,94,32.3,0,22.2,0,8.3,20180331,Full,3,31,morning,0,long.argus,2,1.386294361
S11,94,32.3,0,22.2,0,8.3,20180331,Full,3,31,morning,0,short.argus,4,1.386294361
S16,94,32.3,0,22.2,0,8.3,20180331,Full,3,31,morning,0,short.argus,1,1.386294361
S19,94,32,0.9,23,0,3.9,20180505,Waning,5,5,evening,0,long.argus,1,0
S11,97,31.9,1.5,23.2,0,6,20180318,New,3,18,evening,0,long.argus,2,1.791759469
S11,97,31.9,1.5,23.2,0,6,20180318,New,3,18,evening,0,short.argus,1,1.791759469
S12,97,31.9,1.5,23.2,0,6,20180318,New,3,18,evening,0,long.argus,1,1.791759469
S19,97,31.9,1.5,23.2,0,6,20180318,New,3,18,evening,0,long.argus,2,1.791759469
S12,97,31.9,1.5,23.2,0,6,20180318,New,3,18,madrugada,0,long.argus,2,1.791759469
S19,97,31.9,1.5,23.2,0,6,20180318,New,3,18,madrugada,0,long.argus,1,1.791759469
S11,97,31.9,1.5,23.2,0,6,20180318,New,3,18,morning,0,long.argus,1,1.791759469
S11,97,31.9,1.5,23.2,0,6,20180318,New,3,18,morning,0,short.argus,4,1.791759469
S12,97,31.9,1.5,23.2,0,6,20180318,New,3,18,morning,0,long.argus,2,1.791759469
S15,97,31.9,1.5,23.2,0,6,20180318,New,3,18,morning,0,long.argus,4,1.791759469
S17,97,31.9,1.5,23.2,0,6,20180318,New,3,18,morning,0,long.argus,1,1.791759469
S17,97,31.9,1.5,23.2,0,6,20180318,New,3,18,morning,0,short.argus,12,1.791759469
S19,97,31.9,1.5,23.2,0,6,20180318,New,3,18,morning,0,long.argus,1,1.791759469
S18,97,31.9,1.5,23.2,0,6,20180318,New,3,18,morning,0,short.argus,8,1.791759469
S10,94,32.4,1.4,23.3,0,5.7,20180619,Waxing,6,19,evening,0,long.argus,1,0
S10,94,32.4,1.4,23.3,0,5.7,20180619,Waxing,6,19,evening,0,short.argus,1,0
S19,98,31.1,3.2,22.8,14.1,4.4,20180421,Waxing,4,21,evening,0,short.argus,1,0
S19,98,31.1,3.2,22.8,14.1,4.4,20180421,Waxing,4,21,madrugada,0,long.argus,1,0
S10,85,32.4,0,23.1,1.5,4.2,20180629,Full,6,29,evening,0,long.argus,2,0
S10,85,32.4,0,23.1,1.5,4.2,20180629,Full,6,29,morning,0,long.argus,2,0
S19,96,32.2,0.2,23.2,34,8,20180430,Full,4,30,evening,0,long.argus,2,0
S10,90,32.5,1.6,25,0,4.8,20180630,Full,6,30,evening,0,long.argus,2,0
S10,90,32.5,1.6,25,0,4.8,20180630,Full,6,30,madrugada,0,long.argus,1,0
S19,94,31.2,13.8,24.1,2,6.3,20180503,Full,5,3,madrugada,0,long.argus,2,0
S11,95,30.1,10.1,23.5,24.4,2.2,20180412,New,4,12,madrugada,0,long.argus,2,1.098612289
S11,95,30.1,10.1,23.5,24.4,2.2,20180412,New,4,12,madrugada,0,short.argus,2,1.098612289
S11,95,30.1,10.1,23.5,24.4,2.2,20180412,New,4,12,morning,1,long.argus,2,1.098612289
S11,95,30.1,10.1,23.5,24.4,2.2,20180412,New,4,12,morning,1,short.argus,3,1.098612289
S12,95,30.1,10.1,23.5,24.4,2.2,20180412,New,4,12,morning,1,long.argus,2,1.098612289
S13,95,30.1,10.1,23.5,24.4,2.2,20180412,New,4,12,morning,1,long.argus,2,1.098612289
S13,95,30.1,10.1,23.5,24.4,2.2,20180412,New,4,12,morning,1,short.argus,3,1.098612289
S19,93,32.8,41.7,24.5,0,5.4,20180518,New,5,18,madrugada,0,long.argus,1,0
S10,92,34.3,39.7,22.6,0,6.4,20180621,Waxing,6,21,madrugada,0,short.argus,1,0
S19,97,32.8,0,25,8.6,6.7,20180424,Waxing,4,24,madrugada,0,long.argus,2,0
S19,97,32.8,0,25,8.6,6.7,20180424,Waxing,4,24,morning,0,long.argus,1,0
S19,96,31.5,0,24.3,0,3.4,20180425,Waxing,4,25,madrugada,0,long.argus,1,0
S19,96,31.5,0,24.3,0,3.4,20180425,Waxing,4,25,madrugada,0,short.argus,1,0
S10,96,32.4,9,22.4,3.1,6.6,20180625,Full,6,25,madrugada,0,long.argus,1,0.693147181
S19,96,32.4,9,22.4,3.1,6.6,20180625,Full,6,25,madrugada,0,long.argus,1,0.693147181
S10,96,32.4,9,22.4,3.1,6.6,20180625,Full,6,25,morning,0,long.argus,3,0.693147181
S19,96,32.4,9,22.4,3.1,6.6,20180625,Full,6,25,morning,0,long.argus,3,0.693147181
S19,96,32.3,25.4,24.5,0,5,20180428,Full,4,28,madrugada,0,long.argus,2,0
S19,93,32.1,34,23.9,25.4,6.3,20180429,Full,4,29,madrugada,0,long.argus,1,0
S19,93,32.1,34,23.9,25.4,6.3,20180429,Full,4,29,morning,0,long.argus,4,0
S19,94,32.3,0,23.8,13.8,7.5,20180504,Waning,5,4,morning,0,long.argus,2,0
S19,97,32.4,4,23.3,0.9,6.1,20180506,Waning,5,6,morning,0,long.argus,2,0
S19,98,33.2,0,23.9,4,7.9,20180507,Waning,5,7,morning,0,long.argus,1,0
S19,96,32.4,0,23.8,7.8,5.3,20180510,Waning,5,10,morning,0,long.argus,2,0
S19,96,33.9,0,24.1,0.1,7.6,20180515,New,5,15,morning,0,short.argus,1,0
S12,98,33.2,17.2,25,4.9,7.1,20180417,New,4,17,morning,0,long.argus,3,0
S12,97,30.2,62.4,24.5,5.5,2.9,20180419,New,4,19,morning,0,long.argus,1,0
S19,96,31.6,0.7,23.3,3.2,4.9,20180422,Waxing,4,22,morning,0,long.argus,1,0
S19,98,32,8.6,23.9,0.7,6.4,20180423,Waxing,4,23,morning,0,long.argus,1,0
S10,97,32.1,5.4,23.5,9,4.9,20180626,Full,6,26,morning,0,long.argus,4,0
S19,97,31.9,0,25,2.1,4.5,20180427,Full,4,27,morning,0,long.argus,1,0